timestamp,pupil_diameter_mm,iris_diameter_mm,pupil_iris_ratio,overall_confidence,pupil_circularity,gaze_direction,pupil_detected,iris_detected
2025-06-12 09:22:19,0.0,11.8,0.0,0.32693065897159185,0.4359075452954558,Center,True,False
2025-06-12 09:22:20,0.0,11.8,0.0,0.2698526535684214,0.35980353809122856,Center,True,False
2025-06-12 09:22:21,0.0,11.8,0.0,0.3232886025138746,0.4310514700184994,Center,True,False
2025-06-12 09:22:22,0.0,11.8,0.0,0.24155943079602543,0.32207924106136726,Center,True,False
2025-06-12 09:22:23,0.0,11.8,0.0,0.28279372027256733,0.3770582936967565,Center,True,False
2025-06-12 09:22:24,0.0,11.8,0.0,0.3527274980219966,0.47030333069599545,Center,True,False
2025-06-12 09:22:25,0.0,11.8,0.0,0.31621164185571543,0.4216155224742872,Center,True,False
2025-06-12 09:22:26,0.0,11.8,0.0,0.24392301529382882,0.32523068705843844,Center,True,False
2025-06-12 09:22:27,0.0,11.8,0.0,0.3689706627469605,0.49196088366261403,Center,True,False
2025-06-12 09:22:28,0.0,11.8,0.0,0.25490164208831306,0.3398688561177507,Center,True,False
2025-06-12 09:22:29,0.0,11.8,0.0,0.4157177468574842,0.5542903291433123,Center,True,False
2025-06-12 09:22:30,0.0,11.8,0.0,0.38336622555804745,0.51115496741073,Center,True,False
2025-06-12 09:22:31,0.0,11.8,0.0,0.2780041487058738,0.3706721982744984,Center,True,False
2025-06-12 09:22:32,0.0,11.8,0.0,0.2574158889293299,0.3432211852391065,Center,True,False
2025-06-12 09:22:33,0.0,11.8,0.0,0.32491669987457455,0.43322226649943274,Center,True,False
2025-06-12 09:22:34,0.0,11.8,0.0,0.26331817239747957,0.35109089652997283,Center,True,False
2025-06-12 09:22:35,0.0,11.8,0.0,0.3485306110380707,0.46470748138409435,Center,True,False
2025-06-12 09:22:36,0.0,11.8,0.0,0.33324664906996604,0.4443288654266214,Center,True,False
2025-06-12 09:22:37,0.0,11.8,0.0,0.2853007459346685,0.380400994579558,Center,True,False
2025-06-12 09:22:38,0.0,11.8,0.0,0.36192042675163,0.48256056900217337,Center,True,False
2025-06-12 09:22:39,0.0,11.8,0.0,0.26216580893451885,0.3495544119126919,Center,True,False
2025-06-12 09:22:40,0.0,11.8,0.0,0.261317551551542,0.3484234020687227,Center,True,False
2025-06-12 09:22:41,0.0,11.8,0.0,0.2400561022873905,0.32007480304985403,Center,True,False
2025-06-12 09:22:42,0.0,11.8,0.0,0.4738698795988566,0.6318265061318089,Center,True,False
2025-06-12 09:22:43,0.0,11.8,0.0,0.38723678204126366,0.5163157093883516,Center,True,False
2025-06-12 09:22:44,0.6807692307692308,11.8,0.05769230769230765,0.4605770423957633,0.45810321189173175,Up-Left,True,True
2025-06-12 09:22:45,0.0,11.8,0.0,0.3940785594247676,0.5254380792330234,Center,True,False
2025-06-12 09:22:46,0.0,11.8,0.0,0.3459364566840838,0.4612486089121116,Center,True,False
2025-06-12 09:22:47,0.0,11.8,0.0,0.3632924201104495,0.4843898934805993,Center,True,False
2025-06-12 09:22:48,0.0,11.8,0.0,0.3074510009519516,0.4099346679359355,Center,True,False
2025-06-12 09:22:49,0.0,11.8,0.0,0.2505337036495031,0.3340449381993375,Center,True,False
2025-06-12 09:22:50,0.0,11.8,0.0,0.2842415569575494,0.37898874261006593,Center,True,False
2025-06-12 09:22:51,0.0,11.8,0.0,0.31583508212566225,0.4211134428342163,Center,True,False
2025-06-12 09:22:52,0.0,11.8,0.0,0.26841610673416394,0.35788814231221855,Center,True,False
2025-06-12 09:22:53,0.0,11.8,0.0,0.25660263993499915,0.3421368532466656,Center,True,False
2025-06-12 09:22:54,0.0,11.8,0.0,0.323909060802397,0.4318787477365294,Center,True,False
2025-06-12 09:22:55,0.0,11.8,0.0,0.2439509958984714,0.3252679945312952,Center,True,False
2025-06-12 09:22:56,0.0,11.8,0.0,0.23172496550187494,0.3089666206691666,Center,True,False
2025-06-12 09:22:57,0.0,11.8,0.0,0.33460587212190035,0.44614116282920047,Center,True,False
2025-06-12 09:22:58,0.0,11.8,0.0,0.34884562304333766,0.4651274973911169,Center,True,False
2025-06-12 09:22:59,0.0,11.8,0.0,0.24524840560409966,0.32699787413879955,Center,True,False
2025-06-12 09:23:00,0.0,11.8,0.0,0.28799521975111664,0.3839936263348222,Center,True,False
2025-06-12 09:23:01,0.0,11.8,0.0,0.2416172740190239,0.3221563653586986,Center,True,False
2025-06-12 09:23:02,0.0,11.8,0.0,0.38459631502506375,0.512795086700085,Center,True,False
2025-06-12 09:23:03,0.0,11.8,0.0,0.36733168628941115,0.48977558171921487,Center,True,False
2025-06-12 09:23:04,0.0,11.8,0.0,0.3359575169764145,0.44794335596855267,Center,True,False
2025-06-12 09:23:05,0.0,11.8,0.0,0.2563098834926746,0.34174651132356615,Center,True,False
2025-06-12 09:23:06,0.0,11.8,0.0,0.2654742096800216,0.3539656129066955,Center,True,False
2025-06-12 09:23:07,0.0,11.8,0.0,0.24933288702599937,0.3324438493679992,Center,True,False
2025-06-12 09:23:08,0.0,11.8,0.0,0.27304079663749337,0.36405439551665786,Center,True,False
2025-06-12 09:23:09,0.0,11.8,0.0,0.27261831956565274,0.36349109275420366,Center,True,False
2025-06-12 09:23:10,0.0,11.8,0.0,0.3010429936853981,0.4013906582471975,Center,True,False
2025-06-12 09:23:11,0.0,11.8,0.0,0.2541619988436423,0.33888266512485643,Center,True,False
2025-06-12 09:23:12,0.0,11.8,0.0,0.3475126789015308,0.46335023853537455,Center,True,False
2025-06-12 09:23:13,0.0,11.8,0.0,0.27988022677166946,0.37317363569555934,Center,True,False
2025-06-12 09:23:14,0.0,11.8,0.0,0.2815906825856522,0.37545424344753625,Center,True,False
2025-06-12 09:23:15,0.0,11.8,0.0,0.25543799366644454,0.3405839915552593,Center,True,False
2025-06-12 09:23:16,0.0,11.8,0.0,0.33855157756278964,0.4514021034170529,Center,True,False
2025-06-12 09:23:17,0.0,11.8,0.0,0.404404427491566,0.539205903322088,Center,True,False
2025-06-12 09:23:18,0.0,11.8,0.0,0.3761838232452379,0.5015784309936504,Center,True,False
2025-06-12 09:23:19,0.0,11.8,0.0,0.24790608533831132,0.33054144711774847,Center,True,False
2025-06-12 09:23:20,0.0,11.8,0.0,0.3108513678805035,0.414468490507338,Center,True,False
2025-06-12 09:23:21,0.0,11.8,0.0,0.2647414016074812,0.3529885354766418,Center,True,False
2025-06-12 09:23:22,0.0,11.8,0.0,0.30214076113713356,0.40285434818284477,Center,True,False
2025-06-12 09:23:23,0.0,11.8,0.0,0.34383731852044497,0.45844975802726,Center,True,False
2025-06-12 09:23:24,0.0,11.8,0.0,0.253406876951746,0.3378758359356614,Center,True,False
2025-06-12 09:23:25,0.0,11.8,0.0,0.26331726155485213,0.3510896820731363,Center,True,False
2025-06-12 09:23:26,2.046938775510204,11.8,0.173469387755102,0.4309953168366141,0.34105458863584526,Down-Left,True,True
2025-06-12 09:23:27,0.0,11.8,0.0,0.33760072113567063,0.45013429484756096,Center,True,False
2025-06-12 09:23:28,0.0,11.8,0.0,0.3659911763988369,0.48798823519844914,Center,True,False
2025-06-12 09:23:29,1.0639344262295083,11.8,0.0901639344262295,0.45986118256047903,0.45737717614740403,Left,True,True
2025-06-12 09:23:30,0.0,11.8,0.0,0.30688462181237197,0.4091794957498293,Center,True,False
2025-06-12 09:23:31,0.0,11.8,0.0,0.24383060818301788,0.32510747757735725,Center,True,False
2025-06-12 09:23:32,0.0,11.8,0.0,0.30776742499980037,0.4103565666664004,Center,True,False
2025-06-12 09:23:33,0.0,11.8,0.0,0.336063924486414,0.44808523264855193,Center,True,False
2025-06-12 09:23:34,0.0,11.8,0.0,0.32731801597283305,0.43642402129711066,Center,True,False
2025-06-12 09:23:35,0.0,11.8,0.0,0.344409870825174,0.459213161100232,Center,True,False
2025-06-12 09:23:36,0.0,11.8,0.0,0.3720041722494661,0.4960055629992881,Center,True,False
2025-06-12 09:23:37,0.0,11.8,0.0,0.33225359020479805,0.44300478693973083,Center,True,False
2025-06-12 09:23:38,0.0,11.8,0.0,0.37021848123786644,0.49362464165048864,Center,True,False
2025-06-12 09:23:39,0.0,11.8,0.0,0.3277617543191135,0.43701567242548467,Center,True,False
2025-06-12 09:23:40,0.0,11.8,0.0,0.3720032165179936,0.49600428869065816,Center,True,False
2025-06-12 09:23:41,0.0,11.8,0.0,0.27070245201146026,0.3609366026819471,Center,True,False
2025-06-12 09:23:42,1.7910714285714286,11.8,0.15178571428571425,0.41164326043238886,0.390646223298991,Up-Left,True,True
2025-06-12 09:23:43,0.0,11.8,0.0,0.3009101988170769,0.40121359842276927,Center,True,False
2025-06-12 09:23:44,0.0,11.8,0.0,0.3470963015698713,0.4627950687598284,Center,True,False
2025-06-12 09:23:45,0.0,11.8,0.0,0.33211591591524237,0.4428212212203231,Center,True,False
2025-06-12 09:23:46,0.0,11.8,0.0,0.3071883285799652,0.40958443810662026,Center,True,False
2025-06-12 09:23:47,0.0,11.8,0.0,0.39085706865233966,0.5211427582031195,Center,True,False
2025-06-12 09:23:48,3.5400000000000005,11.8,0.30000000000000004,0.5505998846430364,0.3990035546044681,Down,True,True
2025-06-12 09:23:49,0.0,11.8,0.0,0.3625351963031002,0.48338026173746695,Center,True,False
2025-06-12 09:23:50,0.0,11.8,0.0,0.348578539611213,0.4647713861482839,Center,True,False
2025-06-12 09:23:51,0.0,11.8,0.0,0.27859337914943505,0.37145783886591344,Center,True,False
2025-06-12 09:23:52,0.0,11.8,0.0,0.3784406813706494,0.5045875751608658,Center,True,False
2025-06-12 09:23:53,0.0,11.8,0.0,0.26644451183739826,0.355259349116531,Center,True,False
2025-06-12 09:23:54,0.0,11.8,0.0,0.3707478049789046,0.4943304066385395,Center,True,False
2025-06-12 09:23:55,0.0,11.8,0.0,0.340618184920513,0.45415757989401717,Center,True,False
2025-06-12 09:23:56,2.2795454545454548,11.8,0.19318181818181815,0.42236760285446034,0.3644433501836376,Down,True,True
2025-06-12 09:23:57,0.0,11.8,0.0,0.33510255780504095,0.44680341040672134,Center,True,False
2025-06-12 09:23:58,0.0,11.8,0.0,0.346313844339464,0.4617517924526187,Center,True,False
2025-06-12 09:23:59,0.0,11.8,0.0,0.32499763781585167,0.43333018375446897,Center,True,False
2025-06-12 09:24:00,0.0,11.8,0.0,0.39106524618510496,0.5214203282468066,Center,True,False
2025-06-12 09:24:01,0.0,11.8,0.0,0.3150507965884774,0.42006772878463655,Center,True,False
2025-06-12 09:24:02,0.0,11.8,0.0,0.3051647734334155,0.4068863645778874,Center,True,False
2025-06-12 09:24:03,0.0,11.8,0.0,0.2655725825970713,0.3540967767960951,Center,True,False
2025-06-12 09:24:04,0.0,11.8,0.0,0.2728384667732231,0.36378462236429754,Center,True,False
2025-06-12 09:24:05,0.0,11.8,0.0,0.3196893177544392,0.42625242367258565,Center,True,False
2025-06-12 09:24:06,0.0,11.8,0.0,0.3105071582772838,0.4140095443697117,Center,True,False
2025-06-12 09:24:07,0.0,11.8,0.0,0.32045914184723623,0.4272788557963151,Center,True,False
2025-06-12 09:24:08,0.0,11.8,0.0,0.3712267317073962,0.4949689756098616,Center,True,False
2025-06-12 09:24:09,0.0,11.8,0.0,0.41100911214244523,0.5480121495232603,Center,True,False
2025-06-12 09:24:10,0.0,11.8,0.0,0.32822385645091356,0.4376318086012181,Center,True,False
2025-06-12 09:24:11,0.0,11.8,0.0,0.3545695762290684,0.47275943497209105,Center,True,False
2025-06-12 09:24:12,0.0,11.8,0.0,0.31951300746959865,0.4260173432927983,Center,True,False
2025-06-12 09:24:13,0.0,11.8,0.0,0.32814214055807567,0.4375228540774342,Center,True,False
2025-06-12 09:24:14,0.0,11.8,0.0,0.4019324356793559,0.5359099142391412,Center,True,False
2025-06-12 09:24:15,0.0,11.8,0.0,0.3563650915724291,0.4751534554299055,Center,True,False
2025-06-12 09:24:16,0.0,11.8,0.0,0.30488798442747245,0.40651731256996326,Center,True,False
2025-06-12 09:24:17,0.0,11.8,0.0,0.2671527342658109,0.35620364568774776,Center,True,False
2025-06-12 09:24:18,0.0,11.8,0.0,0.343022537575134,0.457363383433512,Center,True,False
2025-06-12 09:24:19,0.0,11.8,0.0,0.3342668398345302,0.44568911977937364,Center,True,False
2025-06-12 09:24:20,0.0,11.8,0.0,0.32002931131137025,0.4267057484151603,Center,True,False
2025-06-12 09:24:21,0.0,11.8,0.0,0.4128091427266259,0.5504121903021679,Center,True,False
2025-06-12 09:24:22,0.0,11.8,0.0,0.2610522701633793,0.34806969355117245,Center,True,False
2025-06-12 09:24:23,0.0,11.8,0.0,0.24786531605671808,0.3304870880756241,Center,True,False
2025-06-12 09:24:24,0.0,11.8,0.0,0.3237506382715011,0.4316675176953348,Center,True,False
2025-06-12 09:24:25,0.0,11.8,0.0,0.37969937258596914,0.5062658301146257,Center,True,False
2025-06-12 09:24:26,0.0,11.8,0.0,0.3318601246949598,0.44248016625994635,Center,True,False
2025-06-12 09:24:27,0.0,11.8,0.0,0.30947663137192255,0.41263550849589675,Center,True,False
2025-06-12 09:24:28,0.7564102564102565,11.8,0.0641025641025641,0.4159732515040826,0.3974324974042475,Up-Left,True,True
2025-06-12 09:24:29,0.0,11.8,0.0,0.3346860018700709,0.44624800249342794,Center,True,False
2025-06-12 09:24:30,0.0,11.8,0.0,0.33517160200853724,0.44689546934471625,Center,True,False
2025-06-12 09:24:31,0.0,11.8,0.0,0.2733455398905382,0.36446071985405093,Center,True,False
2025-06-12 09:24:32,0.0,11.8,0.0,0.3217417690337995,0.4289890253783993,Center,True,False
2025-06-12 09:24:33,0.0,11.8,0.0,0.32284755720384617,0.43046340960512824,Center,True,False
2025-06-12 09:24:34,0.0,11.8,0.0,0.3412253116910034,0.4549670822546712,Center,True,False
2025-06-12 09:24:35,0.0,11.8,0.0,0.33664345177732546,0.4488579357031007,Center,True,False
2025-06-12 09:24:36,1.8509803921568628,11.8,0.1568627450980392,0.42118038443862,0.4039336940703467,Up-Left,True,True
2025-06-12 09:24:37,0.0,11.8,0.0,0.3438497699221023,0.4584663598961364,Center,True,False
2025-06-12 09:24:38,0.0,11.8,0.0,0.34155841221482663,0.4554112162864355,Center,True,False
2025-06-12 09:24:39,0.0,11.8,0.0,0.2929838704791192,0.39064516063882565,Center,True,False
2025-06-12 09:24:40,0.0,11.8,0.0,0.301098852119084,0.40146513615877866,Center,True,False
2025-06-12 09:24:41,0.0,11.8,0.0,0.30374310127946424,0.40499080170595236,Center,True,False
2025-06-12 09:24:42,0.7468354430379748,11.8,0.0632911392405063,0.4116821721095812,0.3919650851126094,Up-Left,True,True
2025-06-12 09:24:43,0.0,11.8,0.0,0.2523636903562764,0.3364849204750352,Center,True,False
2025-06-12 09:24:44,0.0,11.8,0.0,0.269243192093678,0.35899092279157063,Center,True,False
2025-06-12 09:24:45,0.0,11.8,0.0,0.35376737690351084,0.47168983587134783,Center,True,False
2025-06-12 09:24:46,0.0,11.8,0.0,0.31823300664413895,0.42431067552551854,Center,True,False
2025-06-12 09:24:47,0.0,11.8,0.0,0.33379480217971025,0.4450597362396137,Center,True,False
2025-06-12 09:24:48,0.0,11.8,0.0,0.283723331877737,0.37829777583698265,Center,True,False
2025-06-12 09:24:49,0.0,11.8,0.0,0.29775367544455,0.3970049005927334,Center,True,False
2025-06-12 09:24:50,0.0,11.8,0.0,0.3815179305173301,0.5086905740231068,Center,True,False
2025-06-12 09:24:51,0.0,11.8,0.0,0.31590696992575984,0.4212092932343464,Center,True,False
2025-06-12 09:24:52,0.0,11.8,0.0,0.26236274506259327,0.34981699341679107,Center,True,False
2025-06-12 09:24:53,1.475,11.8,0.125,0.40716138780952094,0.38562638409488725,Up-Left,True,True
2025-06-12 09:24:54,0.0,11.8,0.0,0.3450466110278235,0.4600621480370981,Center,True,False
2025-06-12 09:24:55,0.8045454545454546,11.8,0.06818181818181815,0.42841450013043375,0.4107806275568162,Up-Left,True,True
2025-06-12 09:24:56,0.0,11.8,0.0,0.3526496866858728,0.4701995822478304,Center,True,False
2025-06-12 09:24:57,1.543076923076923,11.8,0.13076923076923075,0.42777587657850413,0.41114372400103116,Up-Left,True,True
2025-06-12 09:24:58,0.0,11.8,0.0,0.37919645509446803,0.5055952734592907,Center,True,False
2025-06-12 09:24:59,0.0,11.8,0.0,0.34723695571822377,0.46298260762429844,Center,True,False
2025-06-12 09:25:00,0.0,11.8,0.0,0.3281149701254725,0.43748662683396333,Center,True,False
2025-06-12 09:25:01,0.0,11.8,0.0,0.2873722427427252,0.3831629903236336,Center,True,False
2025-06-12 09:25:02,0.0,11.8,0.0,0.35096900476705706,0.46795867302274274,Center,True,False
2025-06-12 09:25:03,0.0,11.8,0.0,0.34108862731214407,0.45478483641619205,Center,True,False
2025-06-12 09:25:04,0.0,11.8,0.0,0.3317081772537259,0.44227756967163456,Center,True,False
2025-06-12 09:25:05,0.6896103896103896,11.8,0.0584415584415584,0.4491735969965689,0.44278922530688136,Up-Left,True,True
2025-06-12 09:25:06,0.0,11.8,0.0,0.31902198376010765,0.42536264501347687,Center,True,False
2025-06-12 09:25:07,0.0,11.8,0.0,0.296302964865286,0.3950706198203814,Center,True,False
2025-06-12 09:25:08,0.0,11.8,0.0,0.4144567805898627,0.5526090407864835,Center,True,False
2025-06-12 09:25:09,0.0,11.8,0.0,0.35897781973890097,0.4786370929852013,Center,True,False
2025-06-12 09:25:10,2.710810810810811,11.8,0.2297297297297297,0.4250313502479861,0.3093492444707377,Down,True,True
2025-06-12 09:25:11,0.0,11.8,0.0,0.3070225498644298,0.4093633998192398,Center,True,False
2025-06-12 09:25:12,0.0,11.8,0.0,0.3408293423488943,0.4544391231318591,Center,True,False
2025-06-12 09:25:13,0.0,11.8,0.0,0.29428213496350897,0.3923761799513453,Center,True,False
2025-06-12 09:25:14,0.0,11.8,0.0,0.3684630082955368,0.49128401106071573,Center,True,False
2025-06-12 09:25:15,0.0,11.8,0.0,0.33190190432458583,0.44253587243278114,Center,True,False
2025-06-12 09:25:16,0.0,11.8,0.0,0.35669118276105627,0.47558824368140834,Center,True,False
2025-06-12 09:25:17,0.0,11.8,0.0,0.38829194571192416,0.5177225942825656,Center,True,False
2025-06-12 09:25:18,0.0,11.8,0.0,0.31247234025420134,0.4166297870056017,Center,True,False
2025-06-12 09:25:19,0.0,11.8,0.0,0.4272397853737921,0.5696530471650562,Center,True,False
2025-06-12 09:25:20,0.0,11.8,0.0,0.2865033897132526,0.3820045196176703,Center,True,False
2025-06-12 09:25:21,0.0,11.8,0.0,0.2445359415790915,0.3260479221054554,Center,True,False
2025-06-12 09:25:22,0.0,11.8,0.0,0.32923199237183276,0.43897598982911046,Center,True,False
2025-06-12 09:25:23,0.0,11.8,0.0,0.2961550435926018,0.39487339145680245,Center,True,False
2025-06-12 09:25:24,0.0,11.8,0.0,0.37895274673432033,0.5052703289790939,Center,True,False
2025-06-12 09:25:25,0.0,11.8,0.0,0.25171074500669544,0.335614326675594,Center,True,False
2025-06-12 09:25:26,0.0,11.8,0.0,0.37575816272454887,0.5010108836327318,Center,True,False
2025-06-12 09:25:27,0.0,11.8,0.0,0.323600677463864,0.4314675699518187,Center,True,False
2025-06-12 09:25:28,0.0,11.8,0.0,0.27344956141465826,0.3645994152195444,Center,True,False
2025-06-12 09:25:29,0.0,11.8,0.0,0.31962580161937665,0.42616773549250214,Center,True,False
2025-06-12 09:25:30,0.0,11.8,0.0,0.281985752039446,0.37598100271926127,Center,True,False
2025-06-12 09:25:31,0.0,11.8,0.0,0.342686290372871,0.4569150538304947,Center,True,False
2025-06-12 09:25:32,0.0,11.8,0.0,0.3098255195646849,0.41310069275291317,Center,True,False
2025-06-12 09:25:33,0.0,11.8,0.0,0.3572692824558769,0.47635904327450257,Center,True,False
2025-06-12 09:25:34,0.0,11.8,0.0,0.45322463739821917,0.6115617373043333,Center,True,False
2025-06-12 09:25:35,0.0,11.8,0.0,0.46316899450897187,0.6743097956312329,Center,True,False
2025-06-12 09:25:36,3.865517241379311,11.8,0.32758620689655177,0.4712365996373682,0.3250722581851584,Up,True,True
2025-06-12 09:25:37,1.0455696202531648,11.8,0.08860759493670885,0.5909883078040965,0.5099875061566669,Down-Right,True,True
2025-06-12 09:25:38,0.0,11.8,0.0,0.24715999369241037,0.32954665825654716,Center,True,False
2025-06-12 09:25:39,0.0,11.8,0.0,0.26846624786135354,0.3579549971484714,Center,True,False
2025-06-12 09:25:40,0.0,11.8,0.0,0.27859604575396213,0.37146139433861614,Center,True,False
2025-06-12 09:25:41,2.391891891891892,11.8,0.2027027027027027,0.4376455900578418,0.42497739560230274,Up-Left,True,True
2025-06-12 09:25:42,0.0,11.8,0.0,0.39245454079139486,0.5232727210551932,Center,True,False
2025-06-12 09:25:43,0.0,11.8,0.0,0.4376311227236916,0.5835081636315889,Center,True,False
2025-06-12 09:25:44,0.0,11.8,0.0,0.34477443684853104,0.45969924913137483,Center,True,False
2025-06-12 09:25:45,0.0,11.8,0.0,0.3059835920724826,0.40797812276331014,Center,True,False
2025-06-12 09:25:46,0.0,11.8,0.0,0.31805079874811637,0.42406773166415523,Center,True,False
2025-06-12 09:25:47,0.0,11.8,0.0,0.3890521333761843,0.5187361778349123,Center,True,False
2025-06-12 09:25:48,0.0,11.8,0.0,0.36955787552543207,0.4927438340339095,Center,True,False
2025-06-12 09:25:49,0.0,11.8,0.0,0.3369554749174136,0.4492739665565515,Center,True,False
2025-06-12 09:25:50,1.926530612244898,11.8,0.16326530612244894,0.38652655672093306,0.3208046392681845,Up-Right,True,True
2025-06-12 09:25:51,0.0,11.8,0.0,0.29462570396195253,0.3928342719492701,Center,True,False
2025-06-12 09:25:52,2.097777777777778,11.8,0.17777777777777776,0.470852808074245,0.47224853356683344,Up-Right,True,True
2025-06-12 09:25:53,0.0,11.8,0.0,0.3065844647329088,0.4087792863105451,Center,True,False
2025-06-12 09:25:54,0.0,11.8,0.0,0.292359764004255,0.38981301867234003,Center,True,False
2025-06-12 09:25:55,0.0,11.8,0.0,0.3314619911851556,0.44194932158020755,Center,True,False
2025-06-12 09:25:56,0.0,11.8,0.0,0.3862825450820575,0.5150433934427434,Center,True,False
2025-06-12 09:25:57,0.0,11.8,0.0,0.2443554931351316,0.3258073241801755,Center,True,False
2025-06-12 09:25:58,0.0,11.8,0.0,0.46615417709302515,0.6369215965850412,Center,True,False
2025-06-12 09:25:59,0.0,11.8,0.0,0.4142097899360673,0.5522797199147563,Center,True,False
2025-06-12 09:26:00,0.0,11.8,0.0,0.4107821489806337,0.5477095319741783,Center,True,False
2025-06-12 09:26:01,0.0,11.8,0.0,0.5,0.7010456030044285,Center,True,False
2025-06-12 09:26:02,0.0,11.8,0.0,0.3469740333865854,0.46263204451544715,Center,True,False
2025-06-12 09:26:03,2.0085106382978726,11.8,0.1702127659574468,0.43484192048488035,0.4277385422128836,Right,True,True
2025-06-12 09:26:04,0.0,11.8,0.0,0.32201248074534883,0.42934997432713173,Center,True,False
2025-06-12 09:26:05,0.0,11.8,0.0,0.43717678882246896,0.5829023850966253,Center,True,False
2025-06-12 09:26:06,0.0,11.8,0.0,0.35429485067821415,0.47239313423761886,Center,True,False
2025-06-12 09:26:07,0.0,11.8,0.0,0.264019882941,0.352026510588,Center,True,False
2025-06-12 09:26:08,0.0,11.8,0.0,0.46363080265760537,0.6241762144917818,Center,True,False
2025-06-12 09:26:09,0.0,11.8,0.0,0.31154421211491834,0.41539228281989116,Center,True,False
2025-06-12 09:26:10,0.0,11.8,0.0,0.3323947581038922,0.4431930108051896,Center,True,False
2025-06-12 09:26:11,0.0,11.8,0.0,0.3735391480849777,0.498052197446637,Center,True,False
2025-06-12 09:26:12,0.0,11.8,0.0,0.37645425418625195,0.5019390055816693,Center,True,False
2025-06-12 09:26:13,0.0,11.8,0.0,0.40990226918571027,0.5465363589142804,Center,True,False
2025-06-12 09:26:14,0.0,11.8,0.0,0.3804164462974245,0.507221928396566,Center,True,False
2025-06-12 09:26:15,0.0,11.8,0.0,0.2642175664870292,0.35229008864937233,Center,True,False
2025-06-12 09:26:16,0.0,11.8,0.0,0.4350497486848752,0.5800663315798338,Center,True,False
2025-06-12 09:26:17,0.0,11.8,0.0,0.292119535164433,0.3894927135525774,Center,True,False
2025-06-12 09:26:18,0.0,11.8,0.0,0.39692742976912776,0.5292365730255038,Center,True,False
2025-06-12 09:26:19,0.0,11.8,0.0,0.4007339291296112,0.553917812023735,Center,True,False
2025-06-12 09:26:20,0.0,11.8,0.0,0.46206166556420086,0.6160822207522678,Center,True,False
2025-06-12 09:26:21,0.0,11.8,0.0,0.37347021823488646,0.4979602909798487,Center,True,False
2025-06-12 09:26:22,0.0,11.8,0.0,0.2719339909296184,0.36257865457282457,Center,True,False
2025-06-12 09:26:23,0.0,11.8,0.0,0.4288048664752133,0.5717398219669512,Center,True,False
2025-06-12 09:26:24,0.0,11.8,0.0,0.2927861269895685,0.39038150265275806,Center,True,False
2025-06-12 09:26:25,0.0,11.8,0.0,0.36483848895529014,0.4864513186070535,Center,True,False
2025-06-12 09:26:26,0.0,11.8,0.0,0.33153073138362266,0.44204097517816365,Center,True,False
2025-06-12 09:26:27,0.0,11.8,0.0,0.36964203300789067,0.49285604401052097,Center,True,False
2025-06-12 09:26:28,0.0,11.8,0.0,0.40977433945041997,0.5463657859338933,Center,True,False
2025-06-12 09:26:29,0.0,11.8,0.0,0.32945682413446226,0.4392757655126164,Center,True,False
2025-06-12 09:26:30,0.0,11.8,0.0,0.3456604180854313,0.46088055744724177,Center,True,False
2025-06-12 09:26:31,0.0,11.8,0.0,0.3352439978730848,0.446991997164113,Center,True,False
2025-06-12 09:26:32,0.0,11.8,0.0,0.4137960942313732,0.5517281256418309,Center,True,False
2025-06-12 09:26:33,0.0,11.8,0.0,0.4229394694469635,0.5639192925959513,Center,True,False
2025-06-12 09:26:34,0.0,11.8,0.0,0.3920832152821587,0.5227776203762117,Center,True,False
2025-06-12 09:26:35,0.0,11.8,0.0,0.40608942345500487,0.5414525646066732,Center,True,False
2025-06-12 09:26:36,0.0,11.8,0.0,0.3015823558178957,0.4021098077571943,Center,True,False
2025-06-12 09:26:37,0.0,11.8,0.0,0.3664146003118466,0.5099016181682097,Center,True,False
2025-06-12 09:26:38,0.0,11.8,0.0,0.49762766410825277,0.6957250712949385,Center,True,False
2025-06-12 09:26:39,0.0,11.8,0.0,0.2555257385577204,0.3407009847436273,Center,True,False
2025-06-12 09:26:40,0.0,11.8,0.0,0.39942342081364585,0.5325645610848612,Center,True,False
2025-06-12 09:26:41,0.0,11.8,0.0,0.35941325392080353,0.4792176718944047,Center,True,False
2025-06-12 09:26:42,0.0,11.8,0.0,0.31790403430363073,0.4238720457381744,Center,True,False
2025-06-12 09:26:43,0.0,11.8,0.0,0.24608679730309405,0.32811572973745873,Center,True,False
2025-06-12 09:26:44,0.0,11.8,0.0,0.44618210256414503,0.5949094700855266,Center,True,False
2025-06-12 09:26:45,0.0,11.8,0.0,0.39769771558023304,0.5302636207736441,Center,True,False
2025-06-12 09:26:46,0.0,11.8,0.0,0.3261410503747857,0.4348547338330475,Center,True,False
2025-06-12 09:26:47,0.0,11.8,0.0,0.3216554186479966,0.4288738915306622,Center,True,False
2025-06-12 09:26:48,0.0,11.8,0.0,0.29012362941941006,0.3868315058925468,Center,True,False
2025-06-12 09:26:49,0.0,11.8,0.0,0.4206623604895821,0.5933039303434485,Center,True,False
2025-06-12 09:26:50,0.0,11.8,0.0,0.4039164699651987,0.5566543640569155,Center,True,False
2025-06-12 09:26:51,0.0,11.8,0.0,0.35125369127341394,0.46833825503121856,Center,True,False
2025-06-12 09:26:52,0.0,11.8,0.0,0.3725213598781457,0.4966951465041943,Center,True,False
2025-06-12 09:26:53,0.0,11.8,0.0,0.3752805000055719,0.5003740000074292,Center,True,False
2025-06-12 09:26:54,0.0,11.8,0.0,0.3352189580944673,0.4469586107926231,Center,True,False
2025-06-12 09:26:55,0.0,11.8,0.0,0.3556068782832653,0.4741425043776872,Center,True,False
2025-06-12 09:26:56,0.0,11.8,0.0,0.37297267299563797,0.4972968973275173,Center,True,False
2025-06-12 09:26:57,0.0,11.8,0.0,0.2954184561714975,0.39389127489533005,Center,True,False
2025-06-12 09:26:58,0.0,11.8,0.0,0.34245849735598016,0.4566113298079736,Center,True,False
2025-06-12 09:26:59,0.0,11.8,0.0,0.3765894029055247,0.5182392949016921,Center,True,False
2025-06-12 09:27:00,0.0,11.8,0.0,0.3703418969522822,0.49378919593637627,Center,True,False
2025-06-12 09:27:01,0.0,11.8,0.0,0.4226487703854927,0.5811291233032736,Center,True,False
2025-06-12 09:27:02,0.0,11.8,0.0,0.24979300316535544,0.3330573375538073,Center,True,False
2025-06-12 09:27:03,0.7468354430379748,11.8,0.0632911392405063,0.3814318619610618,0.353163236763139,Up-Left,True,True
2025-06-12 09:27:04,0.0,11.8,0.0,0.383598428704946,0.5114645716065946,Center,True,False
2025-06-12 09:27:05,0.0,11.8,0.0,0.323279795737768,0.43103972765035736,Center,True,False
2025-06-12 09:27:06,0.0,11.8,0.0,0.3025558760212686,0.4034078346950249,Center,True,False
2025-06-12 09:27:07,0.0,11.8,0.0,0.43717020543339574,0.604215290586833,Center,True,False
2025-06-12 09:27:08,0.0,11.8,0.0,0.3498292853569238,0.46643904714256507,Center,True,False
2025-06-12 09:27:09,0.0,11.8,0.0,0.4598014490701985,0.6130685987602646,Center,True,False
2025-06-12 09:27:10,0.0,11.8,0.0,0.2518556639569494,0.33580755194259926,Center,True,False
2025-06-12 09:27:11,0.0,11.8,0.0,0.2778141284784602,0.3704188379712804,Center,True,False
2025-06-12 09:27:12,0.0,11.8,0.0,0.285479697115567,0.3806395961540894,Center,True,False
2025-06-12 09:27:13,0.0,11.8,0.0,0.35548897945784497,0.47398530594379323,Center,True,False
2025-06-12 09:27:14,0.0,11.8,0.0,0.33584504529955594,0.4477933937327413,Center,True,False
2025-06-12 09:27:15,0.0,11.8,0.0,0.27869123986146305,0.3715883198152841,Center,True,False
2025-06-12 09:27:16,0.0,11.8,0.0,0.29054485640401145,0.38739314187201535,Center,True,False
2025-06-12 09:27:17,0.0,11.8,0.0,0.3873637135932974,0.5164849514577299,Center,True,False
2025-06-12 09:27:18,0.0,11.8,0.0,0.34027365217052696,0.453698202894036,Center,True,False
2025-06-12 09:27:19,0.0,11.8,0.0,0.3210178053307393,0.42802374044098573,Center,True,False
2025-06-12 09:27:20,0.0,11.8,0.0,0.2783499020260559,0.3711332027014079,Center,True,False
2025-06-12 09:27:21,0.0,11.8,0.0,0.46994260820807965,0.6265901442774395,Center,True,False
2025-06-12 09:27:22,0.0,11.8,0.0,0.29813865540102374,0.397518207201365,Center,True,False
2025-06-12 09:27:23,0.0,11.8,0.0,0.3716997976884573,0.49559973025127646,Center,True,False
2025-06-12 09:27:24,0.0,11.8,0.0,0.4079160761715207,0.5438881015620277,Center,True,False
2025-06-12 09:27:25,0.0,11.8,0.0,0.13259282475527956,0.1767904330070394,Center,True,False
2025-06-12 09:27:26,0.0,11.8,0.0,0.3999159047258548,0.54870745650545,Center,True,False
2025-06-12 09:27:27,0.0,11.8,0.0,0.3064001469570099,0.4085335292760133,Center,True,False
2025-06-12 09:27:28,0.0,11.8,0.0,0.2977724421937358,0.39702992292498107,Center,True,False
2025-06-12 09:27:29,0.0,11.8,0.0,0.2434704126411083,0.3246272168548111,Center,True,False
2025-06-12 09:27:30,0.0,11.8,0.0,0.3853656387334748,0.5460172313906473,Center,True,False
2025-06-12 09:27:31,0.0,11.8,0.0,0.3529465179289813,0.47059535723864176,Center,True,False
2025-06-12 09:27:32,0.0,11.8,0.0,0.240246720430235,0.3203289605736467,Center,True,False
2025-06-12 09:27:33,0.0,11.8,0.0,0.25394396757429566,0.3385919567657275,Center,True,False
2025-06-12 09:27:34,0.0,11.8,0.0,0.31673988736845726,0.4223198498246097,Center,True,False
2025-06-12 09:27:35,0.0,11.8,0.0,0.30450311281558906,0.4060041504207855,Center,True,False
2025-06-12 09:27:36,0.0,11.8,0.0,0.23753303672877335,0.3167107156383645,Center,True,False
2025-06-12 09:27:37,0.0,11.8,0.0,0.28224622935861,0.37632830581148,Center,True,False
2025-06-12 09:27:38,0.0,11.8,0.0,0.2989302407429416,0.3985736543239222,Center,True,False
2025-06-12 09:27:39,0.0,11.8,0.0,0.3674974990021501,0.48999666533620023,Center,True,False
2025-06-12 09:27:40,0.0,11.8,0.0,0.28831627513454505,0.3844217001793934,Center,True,False
2025-06-12 09:27:41,0.0,11.8,0.0,0.3639330570221892,0.48524407602958564,Center,True,False
2025-06-12 09:27:42,0.0,11.8,0.0,0.30531448084832813,0.40708597446443745,Center,True,False
2025-06-12 09:27:43,0.0,11.8,0.0,0.36200213031925055,0.4826695070923341,Center,True,False
2025-06-12 09:27:44,0.0,11.8,0.0,0.2897309026051976,0.3863078701402636,Center,True,False
2025-06-12 09:27:45,0.0,11.8,0.0,0.3107671612760513,0.4143562150347351,Center,True,False
2025-06-12 09:27:46,0.0,11.8,0.0,0.3536604645511323,0.4715472860681764,Center,True,False
2025-06-12 09:27:47,0.0,11.8,0.0,0.41144834985756884,0.5759462424701008,Center,True,False
2025-06-12 09:27:48,0.0,11.8,0.0,0.4273929859223753,0.5856271445414676,Center,True,False
2025-06-12 09:27:49,0.0,11.8,0.0,0.36498780927096214,0.4866504123612829,Center,True,False
2025-06-12 09:27:50,0.0,11.8,0.0,0.3854002681807126,0.5507548021872133,Center,True,False
2025-06-12 09:27:51,2.0521739130434784,11.8,0.17391304347826084,0.4724331613607255,0.4692184167159406,Down-Right,True,True
2025-06-12 09:27:52,0.0,11.8,0.0,0.28387352661718523,0.3784980354895803,Center,True,False
2025-06-12 09:27:53,0.0,11.8,0.0,0.27643937286920406,0.36858583049227206,Center,True,False
2025-06-12 09:27:54,0.0,11.8,0.0,0.3287225927982663,0.43829679039768843,Center,True,False
2025-06-12 09:27:55,0.0,11.8,0.0,0.3618559812134643,0.48247464161795245,Center,True,False
2025-06-12 09:27:56,0.0,11.8,0.0,0.28641123257929535,0.3818816434390605,Center,True,False
2025-06-12 09:27:57,0.0,11.8,0.0,0.3653216502013069,0.4870955336017425,Center,True,False
2025-06-12 09:27:58,0.0,11.8,0.0,0.25096919912314664,0.3346255988308622,Center,True,False
2025-06-12 09:27:59,0.0,11.8,0.0,0.3597004161352106,0.4796005548469475,Center,True,False
2025-06-12 09:28:00,0.0,11.8,0.0,0.3649779392048469,0.4866372522731292,Center,True,False
2025-06-12 09:28:01,0.0,11.8,0.0,0.3496292744307431,0.46617236590765754,Center,True,False
2025-06-12 09:28:02,0.0,11.8,0.0,0.3799502894531736,0.5066003859375648,Center,True,False
2025-06-12 09:28:03,0.0,11.8,0.0,0.4193756696153249,0.5591675594871,Center,True,False
2025-06-12 09:28:04,0.0,11.8,0.0,0.39982250871379965,0.5330966782850662,Center,True,False
2025-06-12 09:28:05,0.0,11.8,0.0,0.27933226696642033,0.37244302262189377,Center,True,False
2025-06-12 09:28:06,0.0,11.8,0.0,0.37534340526267534,0.514749224661062,Center,True,False
2025-06-12 09:28:07,0.0,11.8,0.0,0.38561882935661773,0.514158439142157,Center,True,False
2025-06-12 09:28:08,0.0,11.8,0.0,0.3864821071539178,0.5153094762052237,Center,True,False
2025-06-12 09:28:09,0.0,11.8,0.0,0.3633115137237004,0.48441535163160054,Center,True,False
2025-06-12 09:28:10,0.0,11.8,0.0,0.35711205440587845,0.47614940587450466,Center,True,False
2025-06-12 09:28:11,0.0,11.8,0.0,0.35603979399362895,0.47471972532483864,Center,True,False
2025-06-12 09:28:12,0.0,11.8,0.0,0.3064415443771529,0.40858872583620387,Center,True,False
2025-06-12 09:28:13,0.0,11.8,0.0,0.3352739111480816,0.44703188153077544,Center,True,False
2025-06-12 09:28:14,0.0,11.8,0.0,0.2777405521609106,0.3703207362145474,Center,True,False
2025-06-12 09:28:15,0.0,11.8,0.0,0.42972796571715743,0.57297062095621,Center,True,False
2025-06-12 09:28:16,0.0,11.8,0.0,0.34876557602546654,0.4650207680339554,Center,True,False
2025-06-12 09:28:17,0.0,11.8,0.0,0.3502957748534463,0.46706103313792846,Center,True,False
2025-06-12 09:28:18,0.0,11.8,0.0,0.3449890028314909,0.45998533710865463,Center,True,False
2025-06-12 09:28:19,0.0,11.8,0.0,0.27236980762257157,0.36315974349676206,Center,True,False
2025-06-12 09:28:20,0.0,11.8,0.0,0.34321079683144984,0.4576143957752665,Center,True,False
2025-06-12 09:28:21,0.0,11.8,0.0,0.27525486927870757,0.36700649237161015,Center,True,False
2025-06-12 09:28:22,0.0,11.8,0.0,0.3420162047019036,0.45602160626920485,Center,True,False
2025-06-12 09:28:23,0.0,11.8,0.0,0.3894445919388463,0.5192594559184617,Center,True,False
2025-06-12 09:28:24,0.0,11.8,0.0,0.12807247361071886,0.1707632981476252,Center,True,False
2025-06-12 09:28:25,0.0,11.8,0.0,0.26141626142775953,0.3485550152370127,Center,True,False
2025-06-12 09:28:26,0.0,11.8,0.0,0.40088340394480504,0.53451120525974,Center,True,False
2025-06-12 09:28:27,0.0,11.8,0.0,0.3718665535901332,0.495822071453511,Center,True,False
2025-06-12 09:28:28,0.0,11.8,0.0,0.3853103088597437,0.5137470784796583,Center,True,False
2025-06-12 09:28:29,0.0,11.8,0.0,0.3129509022509434,0.41726786966792456,Center,True,False
2025-06-12 09:28:30,0.0,11.8,0.0,0.3945787657298085,0.5480927177825727,Center,True,False
2025-06-12 09:28:31,0.0,11.8,0.0,0.4429173120822034,0.5905564161096045,Center,True,False
2025-06-12 09:28:32,0.0,11.8,0.0,0.24731660812324546,0.3297554774976606,Center,True,False
2025-06-12 09:28:33,0.0,11.8,0.0,0.44109357835241925,0.5887464685279244,Center,True,False
2025-06-12 09:28:34,0.0,11.8,0.0,0.2453362477410244,0.3271149969880325,Center,True,False
2025-06-12 09:28:35,0.0,11.8,0.0,0.34877654122050106,0.4650353882940014,Center,True,False
2025-06-12 09:28:36,0.0,11.8,0.0,0.2898212353207237,0.38642831376096487,Center,True,False
2025-06-12 09:28:37,0.0,11.8,0.0,0.3488058245957772,0.46507443279436955,Center,True,False
2025-06-12 09:28:38,0.0,11.8,0.0,0.30847869854535953,0.4113049313938128,Center,True,False
2025-06-12 09:28:39,0.0,11.8,0.0,0.2630328059663623,0.35071040795514974,Center,True,False
2025-06-12 09:28:40,0.0,11.8,0.0,0.2369571762891387,0.31594290171885153,Center,True,False
2025-06-12 09:28:41,0.0,11.8,0.0,0.3111207999473701,0.41482773326316014,Center,True,False
2025-06-12 09:28:42,0.0,11.8,0.0,0.27042019621745966,0.3605602616232796,Center,True,False
2025-06-12 09:28:43,0.0,11.8,0.0,0.3648420623649625,0.48645608315328337,Center,True,False
2025-06-12 09:28:44,0.0,11.8,0.0,0.36033211344642,0.48044281792856003,Center,True,False
2025-06-12 09:28:45,0.0,11.8,0.0,0.33656737522357144,0.44875650029809533,Center,True,False
2025-06-12 09:28:46,0.0,11.8,0.0,0.31446776297137224,0.41929035062849634,Center,True,False
2025-06-12 09:28:47,0.0,11.8,0.0,0.34788445141790786,0.4638459352238772,Center,True,False
2025-06-12 09:28:48,0.0,11.8,0.0,0.1315592273997612,0.17541230319968165,Center,True,False
2025-06-12 09:28:49,0.0,11.8,0.0,0.39098694486182156,0.5213159264824287,Center,True,False
2025-06-12 09:28:50,0.0,11.8,0.0,0.3224545010531332,0.429939334737511,Center,True,False
2025-06-12 09:28:51,0.0,11.8,0.0,0.24324985416113826,0.3243331388815177,Center,True,False
2025-06-12 09:28:52,0.0,11.8,0.0,0.3611731314636699,0.48156417528489315,Center,True,False
2025-06-12 09:28:53,0.0,11.8,0.0,0.32746659508999865,0.43662212678666484,Center,True,False
2025-06-12 09:28:54,0.0,11.8,0.0,0.3187418025717361,0.4249890700956481,Center,True,False
2025-06-12 09:28:55,0.0,11.8,0.0,0.30290531594291037,0.40387375459054725,Center,True,False
2025-06-12 09:28:56,0.0,11.8,0.0,0.2885196997621028,0.38469293301613705,Center,True,False
2025-06-12 09:28:57,0.0,11.8,0.0,0.3007505241709604,0.40100069889461387,Center,True,False
2025-06-12 09:28:58,0.0,11.8,0.0,0.2897848925776504,0.38637985677020037,Center,True,False
2025-06-12 09:28:59,0.0,11.8,0.0,0.3086146121334276,0.4114861495112368,Center,True,False
2025-06-12 09:29:00,0.0,11.8,0.0,0.2748858888618041,0.3665145184824054,Center,True,False
2025-06-12 09:29:01,0.0,11.8,0.0,0.3204249330606822,0.4272332440809096,Center,True,False
2025-06-12 09:29:02,0.0,11.8,0.0,0.3228903127127853,0.4305204169503804,Center,True,False
2025-06-12 09:29:03,0.0,11.8,0.0,0.2629808972234938,0.35064119629799173,Center,True,False
2025-06-12 09:29:04,0.0,11.8,0.0,0.27702818784798666,0.36937091713064885,Center,True,False
2025-06-12 09:29:05,0.0,11.8,0.0,0.2628782735049817,0.3505043646733089,Center,True,False
2025-06-12 09:29:06,0.0,11.8,0.0,0.25216671649796724,0.3362222886639563,Center,True,False
2025-06-12 09:29:07,0.0,11.8,0.0,0.30385164128942793,0.4051355217192373,Center,True,False
2025-06-12 09:29:08,0.0,11.8,0.0,0.3076119452864771,0.41014926038196947,Center,True,False
2025-06-12 09:29:09,0.0,11.8,0.0,0.3048702899555012,0.4064937199406683,Center,True,False
2025-06-12 09:29:10,0.0,11.8,0.0,0.236488735273283,0.3153183136977107,Center,True,False
2025-06-12 09:29:11,0.0,11.8,0.0,0.5,0.7581718345656405,Center,True,False
2025-06-12 09:29:12,0.0,11.8,0.0,0.419228000397626,0.581964222051153,Center,True,False
2025-06-12 09:29:13,0.0,11.8,0.0,0.41263559175596415,0.5501807890079523,Center,True,False
2025-06-12 09:29:14,0.0,11.8,0.0,0.1155960757761296,0.15412810103483945,Center,True,False
2025-06-12 09:29:15,0.0,11.8,0.0,0.35887529904937676,0.4785003987325024,Center,True,False
2025-06-12 09:29:16,0.0,11.8,0.0,0.3418600219490677,0.45581336259875704,Center,True,False
2025-06-12 09:29:17,0.0,11.8,0.0,0.1223941086153888,0.1631921448205184,Center,True,False
2025-06-12 09:29:18,0.0,11.8,0.0,0.2520631192867297,0.33608415904897293,Center,True,False
2025-06-12 09:29:19,0.5985507246376812,11.8,0.0507246376811594,0.5117512388944089,0.37231503338705474,Left,True,True
2025-06-12 09:29:20,0.0,11.8,0.0,0.32816354410595855,0.43755139214127814,Center,True,False
2025-06-12 09:29:21,0.0,11.8,0.0,0.2461290357588016,0.3281720476784022,Center,True,False
2025-06-12 09:29:22,0.0,11.8,0.0,0.35173888881729326,0.4689851850897243,Center,True,False
2025-06-12 09:29:23,0.0,11.8,0.0,0.3594198612064518,0.4792264816086024,Center,True,False
2025-06-12 09:29:24,0.0,11.8,0.0,0.3430221547242502,0.457362872965667,Center,True,False
2025-06-12 09:29:25,0.0,11.8,0.0,0.3690249448699547,0.4980828916287403,Center,True,False
2025-06-12 09:29:26,0.0,11.8,0.0,0.30514401503018984,0.4068586867069197,Center,True,False
2025-06-12 09:29:27,0.0,11.8,0.0,0.4227227823560239,0.5636303764746985,Center,True,False
2025-06-12 09:29:28,0.0,11.8,0.0,0.41843530109284083,0.5579137347904545,Center,True,False
2025-06-12 09:29:29,1.475,11.8,0.125,0.3647737824748515,0.32564625295194055,Right,True,True
2025-06-12 09:29:30,0.0,11.8,0.0,0.24801510723091094,0.33068680964121466,Center,True,False
2025-06-12 09:29:31,0.0,11.8,0.0,0.26027538136514905,0.34703384182019875,Center,True,False
2025-06-12 09:29:32,0.0,11.8,0.0,0.2506133710280835,0.33415116137077805,Center,True,False
2025-06-12 09:29:33,0.0,11.8,0.0,0.23762064876710898,0.3168275316894787,Center,True,False
2025-06-12 09:29:34,0.0,11.8,0.0,0.28924196961149307,0.38565595948199083,Center,True,False
2025-06-12 09:29:35,0.0,11.8,0.0,0.2632892418646315,0.3510523224861753,Center,True,False
2025-06-12 09:29:36,0.0,11.8,0.0,0.3548149181515826,0.4730865575354435,Center,True,False
2025-06-12 09:29:37,0.0,11.8,0.0,0.2522137271756691,0.3362849695675587,Center,True,False
2025-06-12 09:29:38,0.0,11.8,0.0,0.24166237441593924,0.32221649922125234,Center,True,False
2025-06-12 09:29:39,0.0,11.8,0.0,0.25229730201595413,0.33639640268793886,Center,True,False
2025-06-12 09:29:40,0.0,11.8,0.0,0.2567911530429499,0.34238820405726667,Center,True,False
2025-06-12 09:29:41,0.0,11.8,0.0,0.36344208313006326,0.48458944417341776,Center,True,False
2025-06-12 09:29:42,0.0,11.8,0.0,0.2624803976809708,0.3499738635746278,Center,True,False
2025-06-12 09:29:43,0.0,11.8,0.0,0.24481508861353735,0.32642011815138317,Center,True,False
2025-06-12 09:29:44,0.0,11.8,0.0,0.2565067348866311,0.34200897984884154,Center,True,False
2025-06-12 09:29:45,0.0,11.8,0.0,0.31294318224525663,0.41725757632700894,Center,True,False
2025-06-12 09:29:46,0.0,11.8,0.0,0.2494088182599978,0.3325450910133304,Center,True,False
2025-06-12 09:29:47,0.0,11.8,0.0,0.4021685622077543,0.5362247496103392,Center,True,False
2025-06-12 09:29:48,0.0,11.8,0.0,0.30641284876146496,0.4085504650152866,Center,True,False
2025-06-12 09:29:49,0.0,11.8,0.0,0.30191620128763363,0.40255493505017825,Center,True,False
2025-06-12 09:29:50,0.0,11.8,0.0,0.2660738887859066,0.3547651850478756,Center,True,False
2025-06-12 09:29:51,0.0,11.8,0.0,0.2585641111753585,0.3447521482338113,Center,True,False
2025-06-12 09:29:52,0.0,11.8,0.0,0.34784399533649313,0.4637919937819909,Center,True,False
2025-06-12 09:29:53,0.0,11.8,0.0,0.296958476780918,0.3959446357078907,Center,True,False
2025-06-12 09:29:54,0.0,11.8,0.0,0.28577854727126367,0.3810380630283515,Center,True,False
2025-06-12 09:29:55,0.7585714285714286,11.8,0.0642857142857143,0.3749320621717678,0.34113729875728593,Up-Left,True,True
2025-06-12 09:29:56,0.0,11.8,0.0,0.34345084448179497,0.45793445930905996,Center,True,False
2025-06-12 09:29:57,0.0,11.8,0.0,0.2485660479113404,0.33142139721512054,Center,True,False
2025-06-12 09:29:58,0.0,11.8,0.0,0.14545545423505635,0.1939406056467418,Center,True,False
2025-06-12 09:29:59,0.0,11.8,0.0,0.3148368567865868,0.41978247571544913,Center,True,False
2025-06-12 09:30:00,0.0,11.8,0.0,0.35834477042997537,0.47779302723996714,Center,True,False
2025-06-12 09:30:01,0.0,11.8,0.0,0.2431829095758943,0.3242438794345258,Center,True,False
2025-06-12 09:30:02,0.0,11.8,0.0,0.3038056619201252,0.4050742158935003,Center,True,False
2025-06-12 09:30:03,0.0,11.8,0.0,0.29252561089884077,0.39003414786512103,Center,True,False
2025-06-12 09:30:04,0.0,11.8,0.0,0.2886984532900818,0.3849312710534425,Center,True,False
2025-06-12 09:30:05,0.0,11.8,0.0,0.30063361109895603,0.400844814798608,Center,True,False
2025-06-12 09:30:06,0.0,11.8,0.0,0.4020170131457321,0.5608662701317909,Center,True,False
2025-06-12 09:30:07,0.0,11.8,0.0,0.2737157357746899,0.36495431436625325,Center,True,False
2025-06-12 09:30:08,0.0,11.8,0.0,0.26568068041029713,0.3542409072137295,Center,True,False
2025-06-12 09:30:09,0.0,11.8,0.0,0.23387713010764535,0.3118361734768605,Center,True,False
2025-06-12 09:30:10,0.0,11.8,0.0,0.32406395858850623,0.43208527811800834,Center,True,False
2025-06-12 09:30:11,0.0,11.8,0.0,0.4205540988819534,0.5607387985092712,Center,True,False
2025-06-12 09:30:12,0.0,11.8,0.0,0.2887046614235284,0.3849395485647046,Center,True,False
2025-06-12 09:30:13,0.0,11.8,0.0,0.25624978477727933,0.34166637970303904,Center,True,False
2025-06-12 09:30:14,0.0,11.8,0.0,0.2430712130474147,0.3240949507298863,Center,True,False
2025-06-12 09:30:15,0.0,11.8,0.0,0.2433939256267911,0.3245252341690549,Center,True,False
2025-06-12 09:30:16,0.0,11.8,0.0,0.2943896647253554,0.39251955296714053,Center,True,False
2025-06-12 09:30:17,0.0,11.8,0.0,0.30405788808161827,0.4054105174421576,Center,True,False
2025-06-12 09:30:18,0.0,11.8,0.0,0.24654657452391032,0.3287287660318805,Center,True,False
2025-06-12 09:30:19,0.0,11.8,0.0,0.25693483795904304,0.3425797839453908,Center,True,False
2025-06-12 09:30:20,0.0,11.8,0.0,0.29383148988752056,0.39177531985002745,Center,True,False
2025-06-12 09:30:21,0.0,11.8,0.0,0.37597463219761346,0.501299509596818,Center,True,False
2025-06-12 09:30:22,0.0,11.8,0.0,0.30492033650486006,0.4065604486731468,Center,True,False
2025-06-12 09:30:23,0.0,11.8,0.0,0.41448978696315153,0.5691479684445878,Center,True,False
2025-06-12 09:30:24,0.0,11.8,0.0,0.3630195136638084,0.5094219048084347,Center,True,False
2025-06-12 09:30:25,0.0,11.8,0.0,0.38320549020845507,0.5109406536112735,Center,True,False
2025-06-12 09:30:26,0.0,11.8,0.0,0.26721138556327534,0.35628184741770047,Center,True,False
2025-06-12 09:30:27,0.0,11.8,0.0,0.434663073236639,0.5975800237891564,Center,True,False
2025-06-12 09:30:28,0.0,11.8,0.0,0.2664777858936014,0.3553037145248019,Center,True,False
2025-06-12 09:30:29,0.0,11.8,0.0,0.2408611502078821,0.3211482002771761,Center,True,False
2025-06-12 09:30:30,0.0,11.8,0.0,0.48278863888830625,0.6437181851844084,Center,True,False
2025-06-12 09:30:31,0.0,11.8,0.0,0.36587545634019447,0.48783394178692596,Center,True,False
2025-06-12 09:30:32,0.0,11.8,0.0,0.34177488167671033,0.4556998422356137,Center,True,False
2025-06-12 09:30:33,0.0,11.8,0.0,0.3145568406999947,0.4194091209333263,Center,True,False
2025-06-12 09:30:34,0.0,11.8,0.0,0.3399199838462798,0.4532266451283731,Center,True,False
2025-06-12 09:30:35,0.0,11.8,0.0,0.41405323073031963,0.5698140612578856,Center,True,False
2025-06-12 09:30:36,0.0,11.8,0.0,0.3441835668909986,0.45891142252133144,Center,True,False
2025-06-12 09:30:37,0.0,11.8,0.0,0.32387783470972664,0.4318371129463021,Center,True,False
2025-06-12 09:30:38,0.0,11.8,0.0,0.31782655848023933,0.4237687446403191,Center,True,False
2025-06-12 09:30:39,0.0,11.8,0.0,0.342417265408377,0.45655635387783605,Center,True,False
2025-06-12 09:30:40,0.0,11.8,0.0,0.3485199178978809,0.4646932238638412,Center,True,False
2025-06-12 09:30:41,0.0,11.8,0.0,0.3599859572204729,0.4799812762939639,Center,True,False
2025-06-12 09:30:42,0.0,11.8,0.0,0.28600706485452465,0.3813427531393663,Center,True,False
2025-06-12 09:30:43,0.0,11.8,0.0,0.4297404453396785,0.5729872604529047,Center,True,False
2025-06-12 09:30:44,0.0,11.8,0.0,0.36536890912112596,0.4871585454948346,Center,True,False
2025-06-12 09:30:45,0.0,11.8,0.0,0.31994873789102507,0.4265983171880334,Center,True,False
2025-06-12 09:30:46,0.0,11.8,0.0,0.28028785886469043,0.37371714515292065,Center,True,False
2025-06-12 09:30:47,0.0,11.8,0.0,0.2879040522733771,0.38387206969783627,Center,True,False
2025-06-12 09:30:48,0.0,11.8,0.0,0.4047368887849881,0.5396491850466507,Center,True,False
2025-06-12 09:30:49,0.0,11.8,0.0,0.39891940866041287,0.5318925448805505,Center,True,False
2025-06-12 09:30:50,0.0,11.8,0.0,0.4316323143679144,0.5797410350470137,Center,True,False
2025-06-12 09:30:51,0.0,11.8,0.0,0.30740273536149315,0.4098703138153241,Center,True,False
2025-06-12 09:30:52,0.0,11.8,0.0,0.29736429905175077,0.39648573206900106,Center,True,False
2025-06-12 09:30:53,0.0,11.8,0.0,0.29551745430715465,0.39402327240953955,Center,True,False
2025-06-12 09:30:54,0.0,11.8,0.0,0.3956929195252624,0.5275905593670166,Center,True,False
2025-06-12 09:30:55,0.0,11.8,0.0,0.3100010853769653,0.4133347805026204,Center,True,False
2025-06-12 09:30:56,0.0,11.8,0.0,0.4546163158901477,0.6061550878535303,Center,True,False
2025-06-12 09:30:57,0.0,11.8,0.0,0.4579124488480819,0.6245471125381854,Center,True,False
2025-06-12 09:30:58,0.0,11.8,0.0,0.39329589802863185,0.5243945307048424,Center,True,False
2025-06-12 09:30:59,1.4047619047619047,11.8,0.119047619047619,0.3866769948134633,0.3610388071473657,Up-Left,True,True
2025-06-12 09:31:00,0.0,11.8,0.0,0.32166711598040615,0.42888948797387483,Center,True,False
2025-06-12 09:31:01,0.0,11.8,0.0,0.23304073288534538,0.31072097718046054,Center,True,False
2025-06-12 09:31:02,0.0,11.8,0.0,0.273010830057399,0.364014440076532,Center,True,False
2025-06-12 09:31:03,0.0,11.8,0.0,0.30406961418131295,0.40542615224175055,Center,True,False
2025-06-12 09:31:04,0.0,11.8,0.0,0.3378154632551675,0.45042061767355673,Center,True,False
2025-06-12 09:31:05,0.0,11.8,0.0,0.3807793307195704,0.5077057742927605,Center,True,False
2025-06-12 09:31:06,0.0,11.8,0.0,0.30937687871363684,0.4125025049515158,Center,True,False
2025-06-12 09:31:07,0.0,11.8,0.0,0.3278260889647555,0.43710145195300737,Center,True,False
2025-06-12 09:31:08,0.0,11.8,0.0,0.30905949112843034,0.4120793215045738,Center,True,False
2025-06-12 09:31:09,0.0,11.8,0.0,0.29916112631651814,0.3988815017553575,Center,True,False
2025-06-12 09:31:10,0.0,11.8,0.0,0.28212588797177957,0.37616785062903935,Center,True,False
2025-06-12 09:31:11,0.0,11.8,0.0,0.36021902166702113,0.4802920288893615,Center,True,False
2025-06-12 09:31:12,0.0,11.8,0.0,0.32414059400886985,0.4321874586784932,Center,True,False
2025-06-12 09:31:13,0.0,11.8,0.0,0.3622017201624239,0.4829356268832319,Center,True,False
2025-06-12 09:31:14,0.0,11.8,0.0,0.28638298514444005,0.38184398019258675,Center,True,False
2025-06-12 09:31:15,0.0,11.8,0.0,0.31633930073109295,0.42178573430812394,Center,True,False
2025-06-12 09:31:16,0.0,11.8,0.0,0.36399895476095845,0.48533193968127797,Center,True,False
2025-06-12 09:31:17,0.0,11.8,0.0,0.3434254502882833,0.45790060038437774,Center,True,False
2025-06-12 09:31:18,0.0,11.8,0.0,0.2719566612780552,0.36260888170407357,Center,True,False
2025-06-12 09:31:19,0.0,11.8,0.0,0.3816717128901031,0.5088956171868041,Center,True,False
2025-06-12 09:31:20,0.0,11.8,0.0,0.3662158046492904,0.5016413100845807,Center,True,False
2025-06-12 09:31:21,0.0,11.8,0.0,0.3421933260094482,0.45625776801259765,Center,True,False
2025-06-12 09:31:22,0.0,11.8,0.0,0.24303075914841377,0.324041012197885,Center,True,False
2025-06-12 09:31:23,0.0,11.8,0.0,0.1877079159351088,0.25027722124681173,Center,True,False
2025-06-12 09:31:24,0.0,11.8,0.0,0.3356783633611621,0.4475711511482161,Center,True,False
2025-06-12 09:31:25,0.0,11.8,0.0,0.35710871550045087,0.4761449540006012,Center,True,False
2025-06-12 09:31:26,0.0,11.8,0.0,0.3287904663286239,0.43838728843816527,Center,True,False
2025-06-12 09:31:27,0.0,11.8,0.0,0.2450097807184581,0.32667970762461085,Center,True,False
2025-06-12 09:31:28,0.0,11.8,0.0,0.29904283234580176,0.39872377646106894,Center,True,False
2025-06-12 09:31:29,0.0,11.8,0.0,0.3075679211480296,0.4100905615307061,Center,True,False
2025-06-12 09:31:30,0.0,11.8,0.0,0.3106227009977419,0.4141636013303226,Center,True,False
2025-06-12 09:31:31,0.0,11.8,0.0,0.23116294589937786,0.30821726119917053,Center,True,False
2025-06-12 09:31:32,0.0,11.8,0.0,0.27863389048447834,0.3715118539793044,Center,True,False
2025-06-12 09:31:33,0.0,11.8,0.0,0.32518319531154216,0.43357759374872284,Center,True,False
2025-06-12 09:31:34,0.0,11.8,0.0,0.2891394185414098,0.3855192247218797,Center,True,False
2025-06-12 09:31:35,0.0,11.8,0.0,0.28237193048038645,0.37649590730718197,Center,True,False
2025-06-12 09:31:36,0.0,11.8,0.0,0.32268102495634554,0.43024136660846074,Center,True,False
2025-06-12 09:31:37,0.0,11.8,0.0,0.339932508067176,0.45324334408956796,Center,True,False
2025-06-12 09:31:38,0.0,11.8,0.0,0.30444238544280533,0.4059231805904071,Center,True,False
2025-06-12 09:31:39,0.0,11.8,0.0,0.3707929517780672,0.4943906023707564,Center,True,False
2025-06-12 09:31:40,0.0,11.8,0.0,0.12148134764034665,0.1619751301871289,Center,True,False
2025-06-12 09:31:41,0.0,11.8,0.0,0.3181229453758184,0.42416392716775797,Center,True,False
2025-06-12 09:31:42,0.0,11.8,0.0,0.2949908593676782,0.3933211458235709,Center,True,False
2025-06-12 09:31:43,0.0,11.8,0.0,0.32412468708840525,0.43216624945120696,Center,True,False
2025-06-12 09:31:44,0.0,11.8,0.0,0.3360409656044322,0.44805462080590963,Center,True,False
2025-06-12 09:31:45,0.0,11.8,0.0,0.24660413068452405,0.32880550757936544,Center,True,False
2025-06-12 09:31:46,0.0,11.8,0.0,0.27486616376204526,0.36648821834939366,Center,True,False
2025-06-12 09:31:47,0.0,11.8,0.0,0.26182096775306174,0.34909462367074895,Center,True,False
2025-06-12 09:31:48,0.0,11.8,0.0,0.1799052524250311,0.23987366990004144,Center,True,False
2025-06-12 09:31:49,0.0,11.8,0.0,0.34426336294894255,0.4590178172652567,Center,True,False
2025-06-12 09:31:50,0.0,11.8,0.0,0.4671400337334328,0.6345501401202642,Center,True,False
2025-06-12 09:31:51,0.0,11.8,0.0,0.25,0.39594098430218705,Center,True,False
2025-06-12 09:31:52,0.0,11.8,0.0,0.4205790624856859,0.5607720833142479,Center,True,False
2025-06-12 09:31:53,0.0,11.8,0.0,0.32548495045485915,0.43397993393981216,Center,True,False
2025-06-12 09:31:54,0.0,11.8,0.0,0.3574028072040919,0.4765370762721226,Center,True,False
2025-06-12 09:31:55,0.0,11.8,0.0,0.1634174863110409,0.21788998174805455,Center,True,False
2025-06-12 09:31:56,0.0,11.8,0.0,0.3841346581417022,0.5121795441889363,Center,True,False
2025-06-12 09:31:57,0.0,11.8,0.0,0.36653995592920074,0.48871994123893436,Center,True,False
2025-06-12 09:31:58,0.0,11.8,0.0,0.3488821561244648,0.46517620816595306,Center,True,False
2025-06-12 09:31:59,0.0,11.8,0.0,0.4191486968245126,0.5588649290993501,Center,True,False
2025-06-12 09:32:00,0.0,11.8,0.0,0.3110953023532116,0.41479373647094886,Center,True,False
2025-06-12 09:32:01,0.0,11.8,0.0,0.3218935228106779,0.4291913637475706,Center,True,False
2025-06-12 09:32:02,0.0,11.8,0.0,0.36009791938816715,0.48013055918422287,Center,True,False
2025-06-12 09:32:03,0.0,11.8,0.0,0.16648996398032725,0.2219866186404364,Center,True,False
2025-06-12 09:32:04,0.0,11.8,0.0,0.26059540873246523,0.3474605449766204,Center,True,False
2025-06-12 09:32:05,0.0,11.8,0.0,0.38130790643549106,0.508410541913988,Center,True,False
2025-06-12 09:32:06,0.0,11.8,0.0,0.2534462853699745,0.3379283804932993,Center,True,False
2025-06-12 09:32:07,0.0,11.8,0.0,0.3019156451885354,0.4025541935847139,Center,True,False
2025-06-12 09:32:08,0.0,11.8,0.0,0.45515514339908425,0.6068735245321124,Center,True,False
2025-06-12 09:32:09,0.0,11.8,0.0,0.5,0.6997816085454321,Center,True,False
2025-06-12 09:32:10,0.0,11.8,0.0,0.39644800449022805,0.5495624729338675,Center,True,False
2025-06-12 09:32:11,0.0,11.8,0.0,0.3362045330852119,0.4482727107802825,Center,True,False
2025-06-12 09:32:12,0.0,11.8,0.0,0.3961415314153893,0.5394423477794799,Center,True,False
2025-06-12 09:32:13,0.0,11.8,0.0,0.5,0.7525105182342315,Center,True,False
2025-06-12 09:32:14,0.5446153846153846,11.8,0.04615384615384615,0.4245253711130584,0.4189409455823374,Up,True,True
2025-06-12 09:32:15,0.0,11.8,0.0,0.38207266221553965,0.522549558663152,Center,True,False
2025-06-12 09:32:16,0.0,11.8,0.0,0.41823374944570924,0.5576449992609456,Center,True,False
2025-06-12 09:32:17,0.0,11.8,0.0,0.26557105378665224,0.35409473838220296,Center,True,False
2025-06-12 09:32:18,0.0,11.8,0.0,0.36766968436030373,0.4902262458137383,Center,True,False
2025-06-12 09:32:19,0.0,11.8,0.0,0.34518096409217974,0.46024128545623966,Center,True,False
2025-06-12 09:32:20,0.0,11.8,0.0,0.3709455249497222,0.49459403326629636,Center,True,False
2025-06-12 09:32:21,0.0,11.8,0.0,0.4275177965417205,0.5732965916514507,Center,True,False
