time,active_energy_burned,basal_energy_burned,env_audio_exposure,heart_rate,physical_effort
2025-06-05 17:13:30+02:00,0.077,0.066,,60.0,
2025-06-05 17:13:33+02:00,0.097,0.066,,60.0,5.4
2025-06-05 17:13:35+02:00,0.097,0.066,,,
2025-06-05 17:13:38+02:00,0.097,0.066,,,
2025-06-05 17:13:40+02:00,0.097,0.066,,59.0,
2025-06-05 17:13:42+02:00,,,,59.0,
2025-06-05 17:13:43+02:00,0.097,0.066,,,
2025-06-05 17:13:46+02:00,0.097,0.066,,,
2025-06-05 17:13:48+02:00,0.097,0.066,,,
2025-06-05 17:13:51+02:00,0.097,0.066,,58.0,
2025-06-05 17:13:53+02:00,0.097,0.066,,,
2025-06-05 17:13:56+02:00,0.097,0.066,,57.0,
2025-06-05 17:13:58+02:00,0.087,0.066,,,
2025-06-05 17:14:01+02:00,0.087,0.066,,57.0,
2025-06-05 17:14:04+02:00,0.097,0.066,,,
2025-06-05 17:14:06+02:00,0.097,0.066,,56.0,
2025-06-05 17:14:09+02:00,0.082,0.066,,,
2025-06-05 17:14:10+02:00,,,,56.0,
2025-06-05 17:14:11+02:00,0.082,0.066,,,
2025-06-05 17:14:14+02:00,0.097,0.066,,57.0,
2025-06-05 17:14:16+02:00,0.097,0.066,,,6.0
2025-06-05 17:14:17+02:00,,,,57.0,
2025-06-05 17:14:19+02:00,0.091,0.066,,,
2025-06-05 17:14:21+02:00,0.091,0.066,,,
2025-06-05 17:14:22+02:00,,,,58.0,
2025-06-05 17:14:24+02:00,0.091,0.066,,,
2025-06-05 17:14:27+02:00,0.091,0.066,,,
2025-06-05 17:14:29+02:00,0.082,0.066,,56.0,
2025-06-05 17:14:32+02:00,0.087,0.066,,,
2025-06-05 17:14:34+02:00,0.087,0.066,,57.0,
2025-06-05 17:14:37+02:00,0.095,0.066,,,
2025-06-05 17:14:39+02:00,0.095,0.066,,,
2025-06-05 17:14:40+02:00,,,,59.0,
2025-06-05 17:14:42+02:00,0.095,0.066,,,
2025-06-05 17:14:43+02:00,,,,60.0,
2025-06-05 17:14:45+02:00,0.097,0.066,,,
2025-06-05 17:14:47+02:00,0.097,0.066,,,
2025-06-05 17:14:50+02:00,0.095,0.066,,58.0,
2025-06-05 17:14:52+02:00,0.091,0.066,,59.0,
2025-06-05 17:14:55+02:00,0.091,0.066,,,
2025-06-05 17:14:57+02:00,0.091,0.066,,58.0,
2025-06-05 17:15:00+02:00,0.091,0.066,,,
2025-06-05 17:15:02+02:00,0.078,0.066,,,
2025-06-05 17:15:05+02:00,0.078,0.066,,55.0,5.3
2025-06-05 17:15:08+02:00,0.097,0.066,,,
2025-06-05 17:15:10+02:00,0.097,0.066,,,
2025-06-05 17:15:11+02:00,,,,56.0,
2025-06-05 17:15:12+02:00,,,,56.0,
2025-06-05 17:15:13+02:00,0.097,0.066,,,
2025-06-05 17:15:15+02:00,0.097,0.066,,,6.1
2025-06-05 17:15:18+02:00,0.095,0.066,,,
2025-06-05 17:15:20+02:00,0.095,0.066,,,
2025-06-05 17:15:21+02:00,,,,59.0,
2025-06-05 17:15:23+02:00,0.095,0.066,,,
2025-06-05 17:15:24+02:00,,,,59.0,
2025-06-05 17:15:26+02:00,0.077,0.066,,,
2025-06-05 17:15:28+02:00,0.077,0.066,,,
2025-06-05 17:15:29+02:00,,,,59.0,
2025-06-05 17:15:31+02:00,0.091,0.066,,,
2025-06-05 17:15:32+02:00,,,,58.0,
2025-06-05 17:15:33+02:00,0.091,0.066,,,
2025-06-05 17:15:36+02:00,0.091,0.066,,,
2025-06-05 17:15:38+02:00,0.091,0.066,,,
2025-06-05 17:15:41+02:00,0.097,0.066,,58.0,
2025-06-05 17:15:43+02:00,0.097,0.066,,,
2025-06-05 17:15:46+02:00,0.087,0.066,,57.0,
2025-06-05 17:15:49+02:00,0.087,0.066,,,
2025-06-05 17:15:51+02:00,0.087,0.066,,57.0,
2025-06-05 17:15:54+02:00,0.087,0.066,,,
2025-06-05 17:15:56+02:00,0.087,0.066,,57.0,
2025-06-05 17:15:57+02:00,,,,57.0,
2025-06-05 17:15:59+02:00,0.087,0.066,,,
2025-06-05 17:16:01+02:00,0.091,0.066,,,
2025-06-05 17:16:04+02:00,0.091,0.066,,,
2025-06-05 17:16:06+02:00,0.091,0.066,,58.0,
2025-06-05 17:16:09+02:00,0.091,0.066,,,
2025-06-05 17:16:11+02:00,,,,58.0,
2025-06-05 17:16:12+02:00,0.091,0.066,,,
2025-06-05 17:16:13+02:00,,,,58.0,
2025-06-05 17:16:14+02:00,0.091,0.066,,,
2025-06-05 17:16:17+02:00,0.091,0.066,,,
2025-06-05 17:16:19+02:00,0.095,0.066,,,
2025-06-05 17:16:21+02:00,,,,59.0,
2025-06-05 17:16:22+02:00,0.095,0.066,,59.0,5.3
2025-06-05 17:16:24+02:00,0.097,0.066,,,
2025-06-05 17:16:27+02:00,0.097,0.066,,,
2025-06-05 17:16:28+02:00,,,,60.0,
2025-06-05 17:16:30+02:00,0.097,0.066,,,4.8
2025-06-05 17:16:32+02:00,0.077,0.066,,61.0,
2025-06-05 17:16:35+02:00,0.077,0.066,,,
2025-06-05 17:16:37+02:00,0.077,0.066,,,
2025-06-05 17:16:40+02:00,0.112,0.066,,,
2025-06-05 17:16:41+02:00,,,,63.0,
2025-06-05 17:16:42+02:00,0.112,0.066,,,
2025-06-05 17:16:43+02:00,,,,63.0,
2025-06-05 17:16:45+02:00,0.108,0.066,,,6.5
2025-06-05 17:16:47+02:00,0.108,0.066,,,
2025-06-05 17:16:50+02:00,0.108,0.066,,,
2025-06-05 17:16:51+02:00,,,,62.0,
2025-06-05 17:16:53+02:00,0.108,0.066,,,
2025-06-05 17:16:55+02:00,0.116,0.066,,,
2025-06-05 17:16:56+02:00,,,,64.0,
2025-06-05 17:16:58+02:00,0.116,0.066,,,
2025-06-05 17:17:00+02:00,0.104,0.066,,,
2025-06-05 17:17:01+02:00,,,,61.0,
2025-06-05 17:17:03+02:00,0.095,0.066,,,
2025-06-05 17:17:05+02:00,0.095,0.066,,59.0,
2025-06-05 17:17:08+02:00,0.091,0.066,,,
2025-06-05 17:17:10+02:00,,,,58.0,
2025-06-05 17:17:11+02:00,0.091,0.066,,,
2025-06-05 17:17:13+02:00,0.091,0.066,,,
2025-06-05 17:17:14+02:00,,,,58.0,
2025-06-05 17:17:16+02:00,0.091,0.066,,,
2025-06-05 17:17:18+02:00,0.091,0.066,,,
2025-06-05 17:17:19+02:00,,,,58.0,
2025-06-05 17:17:21+02:00,0.091,0.066,,,
2025-06-05 17:17:23+02:00,0.091,0.066,,,4.0
2025-06-05 17:17:24+02:00,,,,60.0,
2025-06-05 17:17:26+02:00,0.077,0.066,,,
2025-06-05 17:17:28+02:00,0.077,0.066,,,
2025-06-05 17:17:29+02:00,,,,62.0,
2025-06-05 17:17:31+02:00,0.077,0.066,,,
2025-06-05 17:17:32+02:00,,,,63.0,
2025-06-05 17:17:34+02:00,0.077,0.066,,,5.3
2025-06-05 17:17:36+02:00,0.11,0.066,,,
2025-06-05 17:17:38+02:00,,,,73.0,
2025-06-05 17:17:39+02:00,0.11,0.066,,,
2025-06-05 17:17:41+02:00,0.11,0.066,,,6.4
2025-06-05 17:17:44+02:00,0.172,0.066,,,
2025-06-05 17:17:46+02:00,0.172,0.066,,77.0,
2025-06-05 17:17:49+02:00,0.138,0.066,,,
2025-06-05 17:17:51+02:00,,,,69.0,
2025-06-05 17:17:52+02:00,0.138,0.066,,,
2025-06-05 17:17:54+02:00,0.129,0.066,,,
2025-06-05 17:17:56+02:00,,,,67.0,
2025-06-05 17:17:57+02:00,0.129,0.066,,,
2025-06-05 17:17:59+02:00,0.116,0.066,,,
2025-06-05 17:18:00+02:00,,,,64.0,
2025-06-05 17:18:02+02:00,0.116,0.066,,,
2025-06-05 17:18:04+02:00,0.108,0.066,,,
2025-06-05 17:18:06+02:00,,,,62.0,
2025-06-05 17:18:07+02:00,0.104,0.066,,,
2025-06-05 17:18:09+02:00,0.104,0.066,,,
2025-06-05 17:18:11+02:00,,,,61.0,
2025-06-05 17:18:12+02:00,0.104,0.066,,,
2025-06-05 17:18:14+02:00,,,,60.0,
2025-06-05 17:18:15+02:00,0.099,0.066,,,
2025-06-05 17:18:17+02:00,0.099,0.066,,,
2025-06-05 17:18:19+02:00,,,,60.0,
2025-06-05 17:18:20+02:00,0.099,0.066,,,
2025-06-05 17:18:22+02:00,0.095,0.066,,,
2025-06-05 17:18:25+02:00,0.095,0.066,,,1.6
2025-06-05 17:18:26+02:00,,,,59.0,
2025-06-05 17:18:27+02:00,0.041,0.066,,,
2025-06-05 17:18:28+02:00,,,,59.0,
2025-06-05 17:18:30+02:00,0.041,0.066,,,
2025-06-05 17:18:33+02:00,0.041,0.066,,59.0,
2025-06-05 17:18:35+02:00,0.041,0.066,,,
2025-06-05 17:18:38+02:00,0.041,0.066,,,
2025-06-05 17:18:40+02:00,0.041,0.066,,,6.5
2025-06-05 17:18:41+02:00,,,,59.0,
2025-06-05 17:18:43+02:00,0.095,0.066,,,
2025-06-05 17:18:44+02:00,,,,59.0,
2025-06-05 17:18:45+02:00,0.095,0.066,,,
2025-06-05 17:18:48+02:00,0.099,0.066,,,
2025-06-05 17:18:50+02:00,0.099,0.066,,,
2025-06-05 17:18:51+02:00,,,,60.0,
2025-06-05 17:18:52+02:00,,,,60.0,
2025-06-05 17:18:53+02:00,0.099,0.066,,,5.3
2025-06-05 17:18:56+02:00,0.097,0.066,,,
2025-06-05 17:18:58+02:00,0.097,0.066,,,
2025-06-05 17:18:59+02:00,,,,62.0,
2025-06-05 17:19:01+02:00,0.097,0.066,,,
2025-06-05 17:19:02+02:00,,,,63.0,
2025-06-05 17:19:03+02:00,0.097,0.066,,,6.5
2025-06-05 17:19:06+02:00,0.112,0.066,,,
2025-06-05 17:19:08+02:00,0.133,0.066,,,
2025-06-05 17:19:11+02:00,0.133,0.066,,68.0,
2025-06-05 17:19:14+02:00,0.133,0.066,,68.0,
2025-06-05 17:19:16+02:00,0.133,0.066,,,5.8
2025-06-05 17:19:19+02:00,0.097,0.066,,,
2025-06-05 17:19:21+02:00,0.097,0.066,,66.0,
2025-06-05 17:19:23+02:00,,,,64.0,
2025-06-05 17:19:24+02:00,0.097,0.066,,,
2025-06-05 17:19:26+02:00,0.097,0.066,,,
2025-06-05 17:19:27+02:00,,,,64.0,
2025-06-05 17:19:29+02:00,0.112,0.066,,,
2025-06-05 17:19:31+02:00,0.112,0.066,,,
2025-06-05 17:19:34+02:00,0.112,0.066,,,
2025-06-05 17:19:35+02:00,,,,63.0,
2025-06-05 17:19:37+02:00,0.097,0.066,,63.0,
2025-06-05 17:19:39+02:00,0.099,0.066,,,
2025-06-05 17:19:42+02:00,0.099,0.066,,,
2025-06-05 17:19:44+02:00,0.099,0.066,,,
2025-06-05 17:19:45+02:00,,,,60.0,
2025-06-05 17:19:47+02:00,0.097,0.066,,,6.2
2025-06-05 17:19:49+02:00,0.095,0.066,,,
2025-06-05 17:19:51+02:00,,,,59.0,
2025-06-05 17:19:52+02:00,0.095,0.066,,,
2025-06-05 17:19:54+02:00,0.097,0.066,,59.0,
2025-06-05 17:19:57+02:00,0.099,0.066,,,
2025-06-05 17:19:59+02:00,,,,60.0,
2025-06-05 17:20:00+02:00,0.099,0.066,,,
2025-06-05 17:20:02+02:00,0.099,0.066,,,
2025-06-05 17:20:05+02:00,0.095,0.066,,,
2025-06-05 17:20:06+02:00,,,,59.0,
2025-06-05 17:20:07+02:00,0.095,0.066,,,
2025-06-05 17:20:08+02:00,,,,59.0,
2025-06-05 17:20:10+02:00,0.095,0.066,,,
2025-06-05 17:20:12+02:00,0.095,0.066,,,
2025-06-05 17:20:15+02:00,0.095,0.066,,,
2025-06-05 17:20:16+02:00,,,,59.0,
2025-06-05 17:20:18+02:00,0.095,0.066,,,
2025-06-05 17:20:19+02:00,,,,59.0,
2025-06-05 17:20:20+02:00,0.095,0.066,,,
2025-06-05 17:20:22+02:00,,,,59.0,
2025-06-05 17:20:23+02:00,0.095,0.066,,,
2025-06-05 17:20:25+02:00,0.095,0.066,,,
2025-06-05 17:20:28+02:00,0.097,0.066,,,
2025-06-05 17:20:29+02:00,,,,60.0,
2025-06-05 17:20:30+02:00,0.099,0.066,,,
2025-06-05 17:20:33+02:00,0.104,0.066,,,
2025-06-05 17:20:35+02:00,0.104,0.066,,,
2025-06-05 17:20:36+02:00,,,,61.0,
2025-06-05 17:20:38+02:00,0.097,0.066,,,
2025-06-05 17:20:41+02:00,0.097,0.066,,61.0,
2025-06-05 17:20:42+02:00,,,,61.0,
2025-06-05 17:20:43+02:00,0.097,0.066,,,
2025-06-05 17:20:46+02:00,0.104,0.066,,,
2025-06-05 17:20:48+02:00,0.097,0.066,,66.0,
2025-06-05 17:20:51+02:00,0.097,0.066,,,4.6
2025-06-05 17:20:53+02:00,0.077,0.066,,69.0,
2025-06-05 17:20:56+02:00,0.077,0.066,,,
2025-06-05 17:20:57+02:00,,,,67.0,
2025-06-05 17:20:59+02:00,0.097,0.066,,,
2025-06-05 17:21:01+02:00,0.097,0.066,,,6.5
2025-06-05 17:21:04+02:00,0.163,0.066,,,
2025-06-05 17:21:06+02:00,0.163,0.066,,75.0,
2025-06-05 17:21:09+02:00,0.159,0.066,,,5.3
2025-06-05 17:21:11+02:00,0.114,0.066,,74.0,
2025-06-05 17:21:14+02:00,0.097,0.066,,,
2025-06-05 17:21:16+02:00,0.097,0.066,,69.0,6.5
2025-06-05 17:21:17+02:00,,,,69.0,
2025-06-05 17:21:19+02:00,0.133,0.066,,,
2025-06-05 17:21:22+02:00,0.133,0.066,,,
2025-06-05 17:21:23+02:00,,,,68.0,
2025-06-05 17:21:24+02:00,0.133,0.066,,,
2025-06-05 17:21:27+02:00,0.108,0.066,,,
2025-06-05 17:21:29+02:00,0.108,0.066,,,
2025-06-05 17:21:30+02:00,,,,62.0,
2025-06-05 17:21:32+02:00,0.108,0.066,,,
2025-06-05 17:21:33+02:00,,,,62.0,
2025-06-05 17:21:34+02:00,0.108,0.066,,,1.8
2025-06-05 17:21:37+02:00,0.041,0.066,,,
2025-06-05 17:21:40+02:00,0.041,0.066,,,
2025-06-05 17:21:41+02:00,,,,58.0,
2025-06-05 17:21:42+02:00,0.041,0.066,,,
2025-06-05 17:21:45+02:00,0.041,0.066,,58.0,
2025-06-05 17:21:47+02:00,0.041,0.066,,,
2025-06-05 17:21:49+02:00,,,,58.0,
2025-06-05 17:21:50+02:00,0.041,0.066,,,
2025-06-05 17:21:52+02:00,0.041,0.066,,58.0,
2025-06-05 17:21:55+02:00,0.041,0.066,,,
2025-06-05 17:21:57+02:00,0.041,0.066,,,
2025-06-05 17:22:00+02:00,0.041,0.066,,58.0,
2025-06-05 17:22:03+02:00,0.041,0.066,,,
2025-06-05 17:22:04+02:00,,,,58.0,
2025-06-05 17:22:05+02:00,0.041,0.066,,,
2025-06-05 17:22:07+02:00,,,,58.0,
2025-06-05 17:22:08+02:00,0.041,0.066,,,
2025-06-05 17:22:10+02:00,0.041,0.066,,,
2025-06-05 17:22:13+02:00,0.041,0.066,,,
2025-06-05 17:22:15+02:00,0.041,0.066,,,
2025-06-05 17:22:16+02:00,,,,58.0,
2025-06-05 17:22:18+02:00,0.091,0.066,,58.0,6.5
2025-06-05 17:22:21+02:00,0.091,0.066,,,
2025-06-05 17:22:23+02:00,0.099,0.066,,,
2025-06-05 17:22:24+02:00,,,,60.0,
2025-06-05 17:22:26+02:00,0.099,0.066,,,2.4
2025-06-05 17:22:28+02:00,0.041,0.066,,,
2025-06-05 17:22:31+02:00,0.041,0.066,,58.0,
2025-06-05 17:22:32+02:00,,,,58.0,
2025-06-05 17:22:33+02:00,0.041,0.066,,,
2025-06-05 17:22:36+02:00,0.041,0.066,,,
2025-06-05 17:22:38+02:00,0.041,0.066,,,
2025-06-05 17:22:41+02:00,0.041,0.066,,59.0,
2025-06-05 17:22:43+02:00,,,,59.0,
2025-06-05 17:22:44+02:00,0.041,0.066,,,
2025-06-05 17:22:46+02:00,0.077,0.066,,,
2025-06-05 17:22:49+02:00,0.077,0.066,,,
2025-06-05 17:22:50+02:00,,,,59.0,
2025-06-05 17:22:51+02:00,0.077,0.066,,,4.6
2025-06-05 17:22:53+02:00,,,,59.0,
2025-06-05 17:22:54+02:00,0.077,0.066,,,
2025-06-05 17:22:56+02:00,0.077,0.066,,,
2025-06-05 17:22:57+02:00,,,,59.0,
2025-06-05 17:22:59+02:00,0.097,0.066,,,
2025-06-05 17:23:02+02:00,0.097,0.066,,,6.4
2025-06-05 17:23:04+02:00,0.099,0.066,,,
2025-06-05 17:23:06+02:00,,,,60.0,
2025-06-05 17:23:07+02:00,0.099,0.066,,,
2025-06-05 17:23:09+02:00,0.099,0.066,,,
2025-06-05 17:23:11+02:00,,,,60.0,
2025-06-05 17:23:12+02:00,0.099,0.066,,,
2025-06-05 17:23:13+02:00,,,,60.0,
2025-06-05 17:23:14+02:00,0.099,0.066,,,
2025-06-05 17:23:17+02:00,0.097,0.066,,,
2025-06-05 17:23:19+02:00,0.097,0.066,,59.0,
2025-06-05 17:23:22+02:00,0.112,0.066,,,
2025-06-05 17:23:25+02:00,0.112,0.066,,63.0,
2025-06-05 17:23:27+02:00,0.112,0.066,,,
2025-06-05 17:23:28+02:00,,,,63.0,
2025-06-05 17:23:30+02:00,0.112,0.066,,,
2025-06-05 17:23:32+02:00,0.104,0.066,,,
2025-06-05 17:23:35+02:00,0.104,0.066,,,
2025-06-05 17:23:36+02:00,,,,61.0,
2025-06-05 17:23:37+02:00,0.104,0.066,,,2.0
2025-06-05 17:23:40+02:00,0.041,0.066,,,
2025-06-05 17:23:41+02:00,,,,59.0,
2025-06-05 17:23:42+02:00,0.041,0.066,,,
2025-06-05 17:23:45+02:00,0.041,0.066,,57.0,
2025-06-05 17:23:48+02:00,0.041,0.066,,,
2025-06-05 17:23:49+02:00,,,,57.0,
2025-06-05 17:23:50+02:00,0.041,0.066,,,
2025-06-05 17:23:53+02:00,0.041,0.066,,,
2025-06-05 17:23:54+02:00,,,,57.0,
2025-06-05 17:23:55+02:00,0.041,0.066,,,
2025-06-05 17:23:58+02:00,0.041,0.066,,,
2025-06-05 17:24:00+02:00,0.041,0.066,,56.0,
2025-06-05 17:24:02+02:00,,,,55.0,
2025-06-05 17:24:03+02:00,0.087,0.066,,,6.2
2025-06-05 17:24:06+02:00,0.087,0.066,,,
2025-06-05 17:24:07+02:00,,,,57.0,
2025-06-05 17:24:08+02:00,0.087,0.066,,,
2025-06-05 17:24:11+02:00,0.108,0.066,,,
2025-06-05 17:24:13+02:00,0.108,0.066,,,
2025-06-05 17:24:14+02:00,,,,62.0,
2025-06-05 17:24:16+02:00,0.097,0.066,,,
2025-06-05 17:24:17+02:00,,,,64.0,
2025-06-05 17:24:18+02:00,0.097,0.066,,,
2025-06-05 17:24:21+02:00,0.097,0.066,,,
2025-06-05 17:24:22+02:00,,,,64.0,
2025-06-05 17:24:23+02:00,0.116,0.066,,,
2025-06-05 17:24:26+02:00,0.116,0.066,,,
2025-06-05 17:24:29+02:00,0.112,0.066,,,
2025-06-05 17:24:31+02:00,0.104,0.066,,63.0,
2025-06-05 17:24:34+02:00,0.104,0.066,,61.0,
2025-06-05 17:24:36+02:00,0.104,0.066,,,
2025-06-05 17:24:39+02:00,0.091,0.066,,,
2025-06-05 17:24:41+02:00,0.091,0.066,,58.0,
2025-06-05 17:24:44+02:00,0.087,0.066,,57.0,
2025-06-05 17:24:47+02:00,0.082,0.066,,,
2025-06-05 17:24:49+02:00,0.082,0.066,,56.0,
2025-06-05 17:24:52+02:00,0.082,0.066,,56.0,
2025-06-05 17:24:54+02:00,0.082,0.066,,,
2025-06-05 17:24:57+02:00,0.082,0.066,,,
2025-06-05 17:24:59+02:00,0.082,0.066,,,5.0
2025-06-05 17:25:01+02:00,,,,56.0,
2025-06-05 17:25:02+02:00,0.097,0.066,,56.0,
2025-06-05 17:25:04+02:00,0.097,0.066,,,
2025-06-05 17:25:07+02:00,0.097,0.066,,58.0,
2025-06-05 17:25:10+02:00,0.097,0.066,,,
2025-06-05 17:25:12+02:00,0.097,0.066,,,5.8
2025-06-05 17:25:13+02:00,,,,64.0,
2025-06-05 17:25:15+02:00,0.116,0.066,,,
2025-06-05 17:25:17+02:00,0.121,0.066,,,
2025-06-05 17:25:20+02:00,0.121,0.066,,,
2025-06-05 17:25:21+02:00,,,,65.0,
2025-06-05 17:25:22+02:00,0.121,0.066,,65.0,
2025-06-05 17:25:25+02:00,0.108,0.066,,,
2025-06-05 17:25:28+02:00,0.108,0.066,,,
2025-06-05 17:25:30+02:00,0.108,0.066,,,
2025-06-05 17:25:31+02:00,,,,62.0,
2025-06-05 17:25:33+02:00,0.077,0.066,,62.0,
2025-06-05 17:25:35+02:00,0.077,0.066,,,5.8
2025-06-05 17:25:37+02:00,,,,63.0,
2025-06-05 17:25:38+02:00,0.097,0.066,,,
2025-06-05 17:25:40+02:00,0.097,0.066,,,
2025-06-05 17:25:42+02:00,,,,64.0,
2025-06-05 17:25:43+02:00,0.116,0.066,,,
2025-06-05 17:25:45+02:00,0.116,0.066,,,
2025-06-05 17:25:48+02:00,0.112,0.066,,,6.1
2025-06-05 17:25:51+02:00,0.112,0.066,,63.0,
2025-06-05 17:25:53+02:00,0.112,0.066,,,
2025-06-05 17:25:56+02:00,0.099,0.066,,60.0,
2025-06-05 17:25:58+02:00,0.099,0.066,,,
2025-06-05 17:26:01+02:00,0.099,0.066,,60.0,
2025-06-05 17:26:03+02:00,0.099,0.066,,,
2025-06-05 17:26:04+02:00,,,,60.0,
2025-06-05 17:26:06+02:00,0.095,0.066,,,
2025-06-05 17:26:09+02:00,0.095,0.066,,59.0,
2025-06-05 17:26:11+02:00,0.095,0.066,,,
2025-06-05 17:26:14+02:00,0.095,0.066,,,
2025-06-05 17:26:16+02:00,0.097,0.066,,61.0,
2025-06-05 17:26:17+02:00,,,,60.0,
2025-06-05 17:26:19+02:00,0.099,0.066,,,
2025-06-05 17:26:21+02:00,0.099,0.066,,,
2025-06-05 17:26:24+02:00,0.077,0.066,,,
2025-06-05 17:26:25+02:00,,,,63.0,
2025-06-05 17:26:26+02:00,0.077,0.066,,,
2025-06-05 17:26:27+02:00,,,,62.0,
2025-06-05 17:26:29+02:00,0.108,0.066,,,
2025-06-05 17:26:32+02:00,0.116,0.066,,,
2025-06-05 17:26:34+02:00,0.116,0.066,,,
2025-06-05 17:26:36+02:00,,,,64.0,
2025-06-05 17:26:37+02:00,0.116,0.066,,,
2025-06-05 17:26:39+02:00,0.104,0.066,,,
2025-06-05 17:26:40+02:00,,,,61.0,
2025-06-05 17:26:42+02:00,0.099,0.066,,,
2025-06-05 17:26:43+02:00,,,,60.0,
2025-06-05 17:26:44+02:00,0.099,0.066,,,
2025-06-05 17:26:47+02:00,0.091,0.066,,58.0,
2025-06-05 17:26:50+02:00,0.087,0.066,,,
2025-06-05 17:26:52+02:00,0.087,0.066,,57.0,
2025-06-05 17:26:55+02:00,0.087,0.066,,,
2025-06-05 17:26:57+02:00,0.082,0.066,,,
2025-06-05 17:27:00+02:00,0.082,0.066,,,
2025-06-05 17:27:01+02:00,,,,56.0,
2025-06-05 17:27:02+02:00,0.078,0.066,,,2.2
2025-06-05 17:27:04+02:00,,,,55.0,
2025-06-05 17:27:05+02:00,0.041,0.066,,,
2025-06-05 17:27:07+02:00,0.041,0.066,,,
2025-06-05 17:27:10+02:00,0.041,0.066,,54.0,
2025-06-05 17:27:13+02:00,0.041,0.066,,,
2025-06-05 17:27:15+02:00,0.041,0.066,,,
2025-06-05 17:27:16+02:00,,,,52.0,
2025-06-05 17:27:17+02:00,,,,52.0,
2025-06-05 17:27:18+02:00,0.07,0.066,,,6.5
2025-06-05 17:27:20+02:00,0.07,0.066,,,
2025-06-05 17:27:23+02:00,0.07,0.066,,,
2025-06-05 17:27:24+02:00,,,,53.0,
2025-06-05 17:27:25+02:00,0.07,0.066,,,
2025-06-05 17:27:28+02:00,0.074,0.066,,54.0,
2025-06-05 17:27:31+02:00,0.074,0.066,,,
2025-06-05 17:27:33+02:00,0.07,0.066,,,
2025-06-05 17:27:35+02:00,,,,53.0,
2025-06-05 17:27:36+02:00,0.07,0.066,,,
2025-06-05 17:27:37+02:00,,,,53.0,
2025-06-05 17:27:38+02:00,0.07,0.066,,,
2025-06-05 17:27:41+02:00,0.07,0.066,,,1.6
2025-06-05 17:27:43+02:00,0.041,0.066,,,
2025-06-05 17:27:45+02:00,,,,54.0,
2025-06-05 17:27:46+02:00,0.041,0.066,,,
2025-06-05 17:27:48+02:00,0.041,0.066,,,
2025-06-05 17:27:50+02:00,,,,53.0,
2025-06-05 17:27:51+02:00,0.041,0.066,,,
2025-06-05 17:27:54+02:00,0.041,0.066,,,
2025-06-05 17:27:55+02:00,,,,54.0,
2025-06-05 17:27:56+02:00,0.041,0.066,,,
2025-06-05 17:27:58+02:00,,,,55.0,
2025-06-05 17:27:59+02:00,0.041,0.066,,,
2025-06-05 17:28:01+02:00,0.041,0.066,,,
2025-06-05 17:28:03+02:00,,,,55.0,
2025-06-05 17:28:04+02:00,0.041,0.066,,,
2025-06-05 17:28:06+02:00,0.041,0.066,,,
2025-06-05 17:28:09+02:00,0.041,0.066,,,6.3
2025-06-05 17:28:11+02:00,0.082,0.066,,56.0,
2025-06-05 17:28:14+02:00,0.082,0.066,,,
2025-06-05 17:28:16+02:00,,,,56.0,
2025-06-05 17:28:17+02:00,0.082,0.066,,,
2025-06-05 17:28:19+02:00,0.082,0.066,,,
2025-06-05 17:28:21+02:00,,,,56.0,
2025-06-05 17:28:22+02:00,0.082,0.066,,56.0,
2025-06-05 17:28:24+02:00,0.082,0.066,,,
2025-06-05 17:28:27+02:00,0.082,0.066,,,
2025-06-05 17:28:29+02:00,0.082,0.066,,56.0,
2025-06-05 17:28:32+02:00,0.082,0.066,,,
2025-06-05 17:28:35+02:00,0.091,0.066,,,
2025-06-05 17:28:36+02:00,,,,58.0,
2025-06-05 17:28:37+02:00,0.091,0.066,,,
2025-06-05 17:28:40+02:00,0.091,0.066,,,
2025-06-05 17:28:41+02:00,,,,58.0,
2025-06-05 17:28:42+02:00,0.091,0.066,,,
2025-06-05 17:28:45+02:00,0.077,0.066,,58.0,4.5
2025-06-05 17:28:47+02:00,0.077,0.066,,58.0,
2025-06-05 17:28:50+02:00,0.077,0.066,,,
2025-06-05 17:28:52+02:00,0.077,0.066,,61.0,
2025-06-05 17:28:55+02:00,0.097,0.066,,,
2025-06-05 17:28:58+02:00,0.097,0.066,,,5.7
2025-06-05 17:28:59+02:00,,,,68.0,
2025-06-05 17:29:00+02:00,0.133,0.066,,,
2025-06-05 17:29:03+02:00,0.133,0.066,,,
2025-06-05 17:29:05+02:00,0.107,0.066,,72.0,
2025-06-05 17:29:08+02:00,0.107,0.066,,,
2025-06-05 17:29:10+02:00,0.097,0.066,,,
2025-06-05 17:29:11+02:00,,,,69.0,
2025-06-05 17:29:13+02:00,0.097,0.066,,68.0,4.5
2025-06-05 17:29:16+02:00,0.077,0.066,,,
2025-06-05 17:29:17+02:00,,,,67.0,
2025-06-05 17:29:18+02:00,0.077,0.066,,,
2025-06-05 17:29:21+02:00,0.097,0.066,,,
2025-06-05 17:29:22+02:00,,,,66.0,
2025-06-05 17:29:23+02:00,0.097,0.066,,,
2025-06-05 17:29:26+02:00,0.097,0.066,,,
2025-06-05 17:29:28+02:00,0.077,0.066,,,
2025-06-05 17:29:31+02:00,0.077,0.066,,72.0,
2025-06-05 17:29:33+02:00,0.077,0.066,,74.0,6.5
2025-06-05 17:29:36+02:00,0.18,0.066,,,
2025-06-05 17:29:39+02:00,0.18,0.066,,79.0,
2025-06-05 17:29:41+02:00,0.18,0.066,,,
2025-06-05 17:29:43+02:00,,,,79.0,
2025-06-05 17:29:44+02:00,0.18,0.066,,,1.6
2025-06-05 17:29:46+02:00,0.041,0.066,,,
2025-06-05 17:29:48+02:00,,,,71.0,
2025-06-05 17:29:49+02:00,0.041,0.066,,,
2025-06-05 17:29:51+02:00,0.041,0.066,,,
2025-06-05 17:29:54+02:00,0.041,0.066,,,
2025-06-05 17:29:55+02:00,,,,64.0,
2025-06-05 17:29:57+02:00,0.041,0.066,,,
2025-06-05 17:29:59+02:00,0.041,0.066,,,
2025-06-05 17:30:01+02:00,,,,60.0,
2025-06-05 17:30:02+02:00,0.041,0.066,,,
2025-06-05 17:30:04+02:00,0.041,0.066,,,
2025-06-05 17:30:06+02:00,,,,57.0,
2025-06-05 17:30:07+02:00,0.041,0.066,,,
2025-06-05 17:30:09+02:00,0.041,0.066,,,
2025-06-05 17:30:11+02:00,,,,57.0,
2025-06-05 17:30:12+02:00,0.041,0.066,,57.0,
2025-06-05 17:30:14+02:00,0.041,0.066,,,
2025-06-05 17:30:17+02:00,0.041,0.066,,,
2025-06-05 17:30:20+02:00,0.041,0.066,,56.0,
2025-06-05 17:30:22+02:00,0.041,0.066,,,
2025-06-05 17:30:25+02:00,0.041,0.066,,,
2025-06-05 17:30:26+02:00,,,,55.0,
2025-06-05 17:30:27+02:00,0.041,0.066,,,
2025-06-05 17:30:30+02:00,0.041,0.066,,,
2025-06-05 17:30:31+02:00,,,,54.0,
2025-06-05 17:30:32+02:00,0.041,0.066,,,
2025-06-05 17:30:33+02:00,,,,54.0,
2025-06-05 17:30:35+02:00,0.041,0.066,,,
2025-06-05 17:30:38+02:00,0.041,0.066,,,
2025-06-05 17:30:39+02:00,,,,55.0,
2025-06-05 17:30:40+02:00,0.041,0.066,,,
2025-06-05 17:30:42+02:00,,,,56.0,
2025-06-05 17:30:43+02:00,0.041,0.066,,,
2025-06-05 17:30:45+02:00,0.041,0.066,,,
2025-06-05 17:30:48+02:00,0.041,0.066,,,
2025-06-05 17:30:49+02:00,,,,55.0,
2025-06-05 17:30:50+02:00,0.041,0.066,,,
2025-06-05 17:30:53+02:00,0.041,0.066,,,
2025-06-05 17:30:55+02:00,0.041,0.066,,55.0,
2025-06-05 17:30:57+02:00,,,,55.0,
2025-06-05 17:30:58+02:00,0.041,0.066,,,
2025-06-05 17:31:01+02:00,0.041,0.066,,,
2025-06-05 17:31:03+02:00,0.041,0.066,,,
2025-06-05 17:31:05+02:00,,,,55.0,
2025-06-05 17:31:06+02:00,0.041,0.066,,,
2025-06-05 17:31:08+02:00,0.041,0.066,,54.0,
2025-06-05 17:31:11+02:00,0.041,0.066,,,
2025-06-05 17:31:12+02:00,,,,55.0,
2025-06-05 17:31:13+02:00,0.041,0.066,,,
2025-06-05 17:31:16+02:00,0.041,0.066,,,
2025-06-05 17:31:19+02:00,0.041,0.066,,,
2025-06-05 17:31:21+02:00,0.041,0.066,,58.0,
2025-06-05 17:31:24+02:00,0.041,0.066,,,
2025-06-05 17:31:25+02:00,,,,58.0,
2025-06-05 17:31:26+02:00,0.041,0.066,,,
2025-06-05 17:31:29+02:00,0.041,0.066,,,
2025-06-05 17:31:30+02:00,,,,59.0,
2025-06-05 17:31:31+02:00,0.041,0.066,,,
2025-06-05 17:31:32+02:00,,,,60.0,
2025-06-05 17:31:34+02:00,0.041,0.066,,,
2025-06-05 17:31:36+02:00,0.041,0.066,,,
2025-06-05 17:31:39+02:00,0.041,0.066,,57.0,
2025-06-05 17:31:42+02:00,0.041,0.066,,,
2025-06-05 17:31:43+02:00,,,,57.0,
2025-06-05 17:31:44+02:00,0.041,0.066,,,
2025-06-05 17:31:47+02:00,0.041,0.066,,,
2025-06-05 17:31:48+02:00,,,,57.0,
2025-06-05 17:31:49+02:00,0.041,0.066,,,
2025-06-05 17:31:52+02:00,0.041,0.066,,,
2025-06-05 17:31:54+02:00,0.041,0.066,,,
2025-06-05 17:31:55+02:00,,,,55.0,
2025-06-05 17:31:57+02:00,0.041,0.066,,,
2025-06-05 17:31:58+02:00,,,,55.0,
2025-06-05 17:32:00+02:00,0.041,0.066,,,
2025-06-05 17:32:02+02:00,0.041,0.066,,,
2025-06-05 17:32:05+02:00,0.041,0.066,,,4.0
2025-06-05 17:32:06+02:00,,,,57.0,
2025-06-05 17:32:07+02:00,0.077,0.066,,,
2025-06-05 17:32:10+02:00,0.077,0.066,,,
2025-06-05 17:32:11+02:00,,,,56.0,
2025-06-05 17:32:12+02:00,0.077,0.066,,55.0,
2025-06-05 17:32:15+02:00,0.077,0.066,,,6.3
2025-06-05 17:32:17+02:00,0.104,0.066,,,
2025-06-05 17:32:20+02:00,0.104,0.066,,,
2025-06-05 17:32:21+02:00,,,,61.0,
2025-06-05 17:32:23+02:00,0.104,0.066,,,
2025-06-05 17:32:25+02:00,0.099,0.066,,,
2025-06-05 17:32:26+02:00,,,,60.0,
2025-06-05 17:32:28+02:00,0.099,0.066,,,
2025-06-05 17:32:30+02:00,0.087,0.066,,,
2025-06-05 17:32:31+02:00,,,,57.0,
2025-06-05 17:32:33+02:00,0.087,0.066,,,
2025-06-05 17:32:35+02:00,0.087,0.066,,,
2025-06-05 17:32:36+02:00,,,,57.0,
2025-06-05 17:32:37+02:00,,,,57.0,
2025-06-05 17:32:38+02:00,0.087,0.066,,,
2025-06-05 17:32:40+02:00,0.087,0.066,,,
2025-06-05 17:32:43+02:00,0.082,0.066,,,
2025-06-05 17:32:45+02:00,,,,56.0,
2025-06-05 17:32:46+02:00,0.082,0.066,,,
2025-06-05 17:32:48+02:00,0.082,0.066,,,
2025-06-05 17:32:51+02:00,0.082,0.066,,56.0,
2025-06-05 17:32:53+02:00,0.082,0.066,,,
2025-06-05 17:32:55+02:00,,,,55.0,
2025-06-05 17:32:56+02:00,0.087,0.066,,,
2025-06-05 17:32:58+02:00,0.087,0.066,,,
2025-06-05 17:33:01+02:00,0.087,0.066,,57.0,
2025-06-05 17:33:02+02:00,,,,58.0,
2025-06-05 17:33:04+02:00,0.091,0.066,,,
2025-06-05 17:33:06+02:00,0.091,0.066,,,
2025-06-05 17:33:09+02:00,0.087,0.066,,,
2025-06-05 17:33:11+02:00,0.087,0.066,,57.0,
2025-06-05 17:33:12+02:00,,,,57.0,
2025-06-05 17:33:14+02:00,0.087,0.066,,,
2025-06-05 17:33:16+02:00,0.087,0.066,,,1.6
2025-06-05 17:33:17+02:00,,,,57.0,
2025-06-05 17:33:19+02:00,0.041,0.066,,,
2025-06-05 17:33:21+02:00,0.041,0.066,,,
2025-06-05 17:33:24+02:00,0.041,0.066,,57.0,
2025-06-05 17:33:27+02:00,0.041,0.066,,,
2025-06-05 17:33:29+02:00,0.041,0.066,,,
2025-06-05 17:33:30+02:00,,,,57.0,
2025-06-05 17:33:32+02:00,0.041,0.066,,,
2025-06-05 17:33:34+02:00,0.041,0.066,,55.0,
2025-06-05 17:33:37+02:00,0.041,0.066,,,
2025-06-05 17:33:39+02:00,0.041,0.066,,55.0,
2025-06-05 17:33:42+02:00,0.041,0.066,,,
2025-06-05 17:33:45+02:00,0.041,0.066,,,
2025-06-05 17:33:46+02:00,,,,55.0,
2025-06-05 17:33:47+02:00,0.041,0.066,,,
2025-06-05 17:33:50+02:00,0.041,0.066,,,
2025-06-05 17:33:51+02:00,,,,55.0,
2025-06-05 17:33:52+02:00,0.041,0.066,,,
2025-06-05 17:33:53+02:00,,,,55.0,
2025-06-05 17:33:55+02:00,0.041,0.066,,,
2025-06-05 17:33:57+02:00,0.041,0.066,,,6.5
2025-06-05 17:33:58+02:00,,,,56.0,
2025-06-05 17:34:00+02:00,0.091,0.066,,,
2025-06-05 17:34:02+02:00,0.091,0.066,,58.0,
2025-06-05 17:34:05+02:00,0.091,0.066,,,
2025-06-05 17:34:08+02:00,0.095,0.066,,,
2025-06-05 17:34:10+02:00,0.095,0.066,,,
2025-06-05 17:34:11+02:00,,,,59.0,
2025-06-05 17:34:13+02:00,0.095,0.066,,,
2025-06-05 17:34:15+02:00,0.087,0.066,,57.0,
2025-06-05 17:34:17+02:00,,,,57.0,
2025-06-05 17:34:18+02:00,0.087,0.066,,,
2025-06-05 17:34:20+02:00,0.087,0.066,,,2.1
2025-06-05 17:34:23+02:00,0.041,0.066,,,
2025-06-05 17:34:25+02:00,,,,55.0,
2025-06-05 17:34:26+02:00,0.041,0.066,,,
2025-06-05 17:34:28+02:00,0.041,0.066,,,
2025-06-05 17:34:30+02:00,,,,54.0,
2025-06-05 17:34:31+02:00,0.041,0.066,,,
2025-06-05 17:34:33+02:00,0.041,0.066,,54.0,
2025-06-05 17:34:36+02:00,0.041,0.066,,,
2025-06-05 17:34:38+02:00,0.041,0.066,,,
2025-06-05 17:34:40+02:00,,,,54.0,
2025-06-05 17:34:41+02:00,0.041,0.066,,,
2025-06-05 17:34:43+02:00,0.041,0.066,,54.0,
2025-06-05 17:34:46+02:00,0.074,0.066,,,
2025-06-05 17:34:49+02:00,0.074,0.066,,,
2025-06-05 17:34:51+02:00,0.041,0.066,,55.0,
2025-06-05 17:34:54+02:00,0.041,0.066,,55.0,
2025-06-05 17:34:56+02:00,0.041,0.066,,,
2025-06-05 17:34:59+02:00,0.041,0.066,,55.0,
2025-06-05 17:35:01+02:00,0.041,0.066,,,
2025-06-05 17:35:03+02:00,,,,56.0,
2025-06-05 17:35:04+02:00,0.041,0.066,,,
2025-06-05 17:35:07+02:00,0.041,0.066,,,
2025-06-05 17:35:08+02:00,,,,55.0,
2025-06-05 17:35:09+02:00,0.041,0.066,,,
2025-06-05 17:35:12+02:00,0.041,0.066,,55.0,5.7
2025-06-05 17:35:14+02:00,0.078,0.066,,,
2025-06-05 17:35:17+02:00,0.078,0.066,,,
2025-06-05 17:35:19+02:00,0.078,0.066,,,
2025-06-05 17:35:20+02:00,,,,55.0,
2025-06-05 17:35:22+02:00,0.078,0.066,,,
2025-06-05 17:35:24+02:00,0.077,0.066,,,
2025-06-05 17:35:26+02:00,,,,53.0,
2025-06-05 17:35:27+02:00,0.077,0.066,,53.0,5.3
2025-06-05 17:35:30+02:00,0.097,0.066,,,
2025-06-05 17:35:32+02:00,0.097,0.066,,,6.5
2025-06-05 17:35:35+02:00,0.108,0.066,,,
2025-06-05 17:35:36+02:00,,,,62.0,
2025-06-05 17:35:37+02:00,0.108,0.066,,,
2025-06-05 17:35:40+02:00,0.121,0.066,,,
2025-06-05 17:35:41+02:00,,,,65.0,
2025-06-05 17:35:42+02:00,0.121,0.066,,,4.0
2025-06-05 17:35:45+02:00,0.077,0.066,,,
2025-06-05 17:35:46+02:00,,,,65.0,
2025-06-05 17:35:48+02:00,0.077,0.066,,65.0,
2025-06-05 17:35:50+02:00,0.077,0.066,,,6.1
2025-06-05 17:35:52+02:00,,,,67.0,
2025-06-05 17:35:53+02:00,0.097,0.066,,,
2025-06-05 17:35:55+02:00,0.097,0.066,,,
2025-06-05 17:35:58+02:00,0.116,0.066,,,
2025-06-05 17:36:00+02:00,0.097,0.066,,,
2025-06-05 17:36:01+02:00,,,,64.0,
2025-06-05 17:36:03+02:00,0.104,0.066,,,
2025-06-05 17:36:05+02:00,0.097,0.066,,,
2025-06-05 17:36:06+02:00,,,,61.0,
2025-06-05 17:36:08+02:00,0.097,0.066,,,
2025-06-05 17:36:11+02:00,0.091,0.066,,58.0,
2025-06-05 17:36:13+02:00,0.091,0.066,,,
2025-06-05 17:36:16+02:00,0.091,0.066,,58.0,
2025-06-05 17:36:18+02:00,0.095,0.066,,,5.3
2025-06-05 17:36:21+02:00,0.097,0.066,,59.0,
2025-06-05 17:36:22+02:00,,,,59.0,
2025-06-05 17:36:23+02:00,0.097,0.066,,,
2025-06-05 17:36:26+02:00,0.097,0.066,,,6.5
2025-06-05 17:36:27+02:00,,,,62.0,
2025-06-05 17:36:29+02:00,0.108,0.066,,,
2025-06-05 17:36:31+02:00,0.133,0.066,,,
2025-06-05 17:36:32+02:00,,,,68.0,
2025-06-05 17:36:34+02:00,0.133,0.066,,,
2025-06-05 17:36:36+02:00,0.138,0.066,,,
2025-06-05 17:36:38+02:00,,,,69.0,
2025-06-05 17:36:39+02:00,0.138,0.066,,,
2025-06-05 17:36:41+02:00,0.121,0.066,,,
2025-06-05 17:36:44+02:00,0.121,0.066,,,
2025-06-05 17:36:45+02:00,,,,65.0,
2025-06-05 17:36:46+02:00,0.121,0.066,,,
2025-06-05 17:36:49+02:00,0.099,0.066,,,1.6
2025-06-05 17:36:51+02:00,,,,60.0,
2025-06-05 17:36:52+02:00,0.041,0.066,,,
2025-06-05 17:36:54+02:00,0.041,0.066,,,
2025-06-05 17:36:55+02:00,,,,58.0,
2025-06-05 17:36:57+02:00,0.041,0.066,,,
2025-06-05 17:36:59+02:00,0.041,0.066,,,
2025-06-05 17:37:01+02:00,,,,57.0,
2025-06-05 17:37:02+02:00,0.041,0.066,,57.0,
2025-06-05 17:37:04+02:00,0.041,0.066,,,
2025-06-05 17:37:07+02:00,0.041,0.066,,,
2025-06-05 17:37:09+02:00,0.041,0.066,,,
2025-06-05 17:37:11+02:00,,,,56.0,
2025-06-05 17:37:12+02:00,0.041,0.066,,,
2025-06-05 17:37:13+02:00,,,,56.0,
2025-06-05 17:37:15+02:00,0.041,0.066,,,
2025-06-05 17:37:17+02:00,0.041,0.066,,56.0,
2025-06-05 17:37:20+02:00,0.041,0.066,,,
2025-06-05 17:37:22+02:00,0.041,0.066,,,
2025-06-05 17:37:25+02:00,0.041,0.066,,,
2025-06-05 17:37:26+02:00,,,,56.0,
2025-06-05 17:37:27+02:00,0.041,0.066,,,
2025-06-05 17:37:29+02:00,,,,56.0,
2025-06-05 17:37:30+02:00,0.041,0.066,,,
2025-06-05 17:37:33+02:00,0.041,0.066,,,
2025-06-05 17:37:34+02:00,,,,58.0,
2025-06-05 17:37:35+02:00,0.041,0.066,,,
2025-06-05 17:37:38+02:00,0.041,0.066,,57.0,
2025-06-05 17:37:40+02:00,0.041,0.066,,,
2025-06-05 17:37:42+02:00,,,,56.0,
2025-06-05 17:37:43+02:00,0.041,0.066,,,
2025-06-05 17:37:45+02:00,0.041,0.066,,,
2025-06-05 17:37:48+02:00,0.041,0.066,,,
2025-06-05 17:37:50+02:00,0.041,0.066,,,
2025-06-05 17:37:51+02:00,,,,56.0,
2025-06-05 17:37:53+02:00,0.041,0.066,,,
2025-06-05 17:37:56+02:00,0.041,0.066,,55.0,
2025-06-05 17:37:58+02:00,0.041,0.066,,55.0,6.5
2025-06-05 17:38:01+02:00,0.078,0.066,,,
2025-06-05 17:38:03+02:00,0.091,0.066,,,
2025-06-05 17:38:04+02:00,,,,58.0,
2025-06-05 17:38:06+02:00,0.091,0.066,,,
2025-06-05 17:38:08+02:00,0.091,0.066,,,
2025-06-05 17:38:11+02:00,0.091,0.066,,58.0,
2025-06-05 17:38:14+02:00,0.091,0.066,52.258,,2.5
2025-06-05 17:38:16+02:00,0.041,0.066,,58.0,
2025-06-05 17:38:19+02:00,0.041,0.066,,,
2025-06-05 17:38:20+02:00,,,,58.0,
2025-06-05 17:38:21+02:00,0.041,0.066,,,
2025-06-05 17:38:23+02:00,,,,60.0,
2025-06-05 17:38:24+02:00,0.097,0.066,,,6.5
2025-06-05 17:38:26+02:00,0.116,0.066,,,
2025-06-05 17:38:27+02:00,,,,64.0,
2025-06-05 17:38:29+02:00,0.116,0.066,,,
2025-06-05 17:38:31+02:00,0.116,0.066,,,
2025-06-05 17:38:34+02:00,0.116,0.066,,,4.5
2025-06-05 17:38:36+02:00,,,,64.0,
2025-06-05 17:38:37+02:00,0.097,0.066,,,
2025-06-05 17:38:39+02:00,0.077,0.066,,,
2025-06-05 17:38:41+02:00,,,,62.0,
2025-06-05 17:38:42+02:00,0.097,0.066,,62.0,
2025-06-05 17:38:44+02:00,0.097,0.066,,,
2025-06-05 17:38:47+02:00,0.097,0.066,,65.0,
2025-06-05 17:38:49+02:00,0.097,0.066,,,6.5
2025-06-05 17:38:52+02:00,0.133,0.066,,,
2025-06-05 17:38:55+02:00,0.133,0.066,,,
2025-06-05 17:38:56+02:00,,,,68.0,
2025-06-05 17:38:57+02:00,0.133,0.066,,,
2025-06-05 17:39:00+02:00,0.129,0.066,,,
2025-06-05 17:39:01+02:00,,,,67.0,
2025-06-05 17:39:02+02:00,0.129,0.066,,,
2025-06-05 17:39:05+02:00,0.116,0.066,,,
2025-06-05 17:39:06+02:00,,,,64.0,
2025-06-05 17:39:07+02:00,0.116,0.066,,,
2025-06-05 17:39:10+02:00,0.116,0.066,,64.0,
2025-06-05 17:39:12+02:00,0.116,0.066,,,
2025-06-05 17:39:15+02:00,0.108,0.066,,,
2025-06-05 17:39:16+02:00,,,,61.0,
2025-06-05 17:39:18+02:00,0.108,0.066,,,
2025-06-05 17:39:19+02:00,,,,62.0,
2025-06-05 17:39:20+02:00,0.108,0.066,,,
2025-06-05 17:39:23+02:00,0.108,0.066,,,
2025-06-05 17:39:25+02:00,0.108,0.066,,,4.7
2025-06-05 17:39:26+02:00,,,,62.0,
2025-06-05 17:39:28+02:00,0.097,0.066,,,
2025-06-05 17:39:30+02:00,0.097,0.066,,,
2025-06-05 17:39:31+02:00,,,,61.0,
2025-06-05 17:39:32+02:00,,,,61.0,
2025-06-05 17:39:33+02:00,0.077,0.066,,,
2025-06-05 17:39:36+02:00,0.077,0.066,,,4.6
2025-06-05 17:39:38+02:00,0.077,0.066,,,
2025-06-05 17:39:39+02:00,,,,61.0,
2025-06-05 17:39:41+02:00,0.077,0.066,,,
2025-06-05 17:39:43+02:00,0.077,0.066,,,
2025-06-05 17:39:45+02:00,,,,60.0,
2025-06-05 17:39:46+02:00,0.077,0.066,,,
2025-06-05 17:39:48+02:00,0.077,0.066,,60.0,
2025-06-05 17:39:51+02:00,0.097,0.066,,,6.3
2025-06-05 17:39:52+02:00,,,,62.0,
2025-06-05 17:39:53+02:00,0.108,0.066,,,
2025-06-05 17:39:56+02:00,0.108,0.066,,,
2025-06-05 17:39:59+02:00,0.138,0.066,,,
2025-06-05 17:40:01+02:00,0.138,0.066,,69.0,
2025-06-05 17:40:04+02:00,0.138,0.066,,,
2025-06-05 17:40:06+02:00,0.159,0.066,,74.0,
2025-06-05 17:40:09+02:00,0.172,0.066,,,
2025-06-05 17:40:10+02:00,,,,77.0,
2025-06-05 17:40:11+02:00,0.172,0.066,,,
2025-06-05 17:40:14+02:00,0.159,0.066,,,
2025-06-05 17:40:15+02:00,,,,74.0,
2025-06-05 17:40:17+02:00,0.155,0.066,,,
2025-06-05 17:40:18+02:00,,,,73.0,
2025-06-05 17:40:19+02:00,0.155,0.066,,,
2025-06-05 17:40:22+02:00,0.146,0.066,,,
2025-06-05 17:40:24+02:00,0.146,0.066,,71.0,
2025-06-05 17:40:27+02:00,0.146,0.066,,71.0,
2025-06-05 17:40:29+02:00,0.133,0.066,,,1.6
2025-06-05 17:40:32+02:00,0.041,0.066,,68.0,
2025-06-05 17:40:34+02:00,0.041,0.066,,,
2025-06-05 17:40:37+02:00,0.041,0.066,,64.0,
2025-06-05 17:40:40+02:00,0.041,0.066,,,
2025-06-05 17:40:42+02:00,0.041,0.066,,63.0,
2025-06-05 17:40:45+02:00,0.041,0.066,,,
2025-06-05 17:40:47+02:00,0.041,0.066,,,
2025-06-05 17:40:50+02:00,0.041,0.066,,58.0,
2025-06-05 17:40:52+02:00,0.041,0.066,,,
2025-06-05 17:40:55+02:00,0.041,0.066,,,
2025-06-05 17:40:56+02:00,,,,57.0,
2025-06-05 17:40:58+02:00,0.041,0.066,,,6.5
2025-06-05 17:41:00+02:00,0.082,0.066,,56.0,
2025-06-05 17:41:02+02:00,,,,56.0,
2025-06-05 17:41:03+02:00,0.082,0.066,,,
2025-06-05 17:41:05+02:00,0.082,0.066,,,
2025-06-05 17:41:08+02:00,0.082,0.066,,,2.1
2025-06-05 17:41:09+02:00,,,,57.0,
2025-06-05 17:41:10+02:00,0.041,0.066,,,
2025-06-05 17:41:13+02:00,0.041,0.066,,57.0,
2025-06-05 17:41:15+02:00,0.041,0.066,,,
2025-06-05 17:41:18+02:00,0.041,0.066,,,
2025-06-05 17:41:21+02:00,0.041,0.066,,57.0,
2025-06-05 17:41:22+02:00,,,,57.0,
2025-06-05 17:41:23+02:00,0.041,0.066,,,
2025-06-05 17:41:26+02:00,0.041,0.066,,,
2025-06-05 17:41:27+02:00,,,,57.0,
2025-06-05 17:41:28+02:00,0.041,0.066,,,
2025-06-05 17:41:31+02:00,0.041,0.066,,,
2025-06-05 17:41:33+02:00,0.041,0.066,,,
2025-06-05 17:41:34+02:00,,,,58.0,
2025-06-05 17:41:36+02:00,0.077,0.066,,,
2025-06-05 17:41:38+02:00,0.095,0.066,,,6.4
2025-06-05 17:41:39+02:00,,,,58.0,
2025-06-05 17:41:41+02:00,0.095,0.066,,,
2025-06-05 17:41:42+02:00,,,,59.0,
2025-06-05 17:41:44+02:00,0.095,0.066,,,
2025-06-05 17:41:46+02:00,0.095,0.066,,,
2025-06-05 17:41:48+02:00,,,,59.0,
2025-06-05 17:41:49+02:00,0.095,0.066,,,
2025-06-05 17:41:51+02:00,0.095,0.066,,,
2025-06-05 17:41:53+02:00,,,,59.0,
2025-06-05 17:41:54+02:00,0.095,0.066,,,
2025-06-05 17:41:56+02:00,0.078,0.066,,,
2025-06-05 17:41:59+02:00,0.078,0.066,,55.0,
2025-06-05 17:42:02+02:00,0.078,0.066,,,
2025-06-05 17:42:04+02:00,0.07,0.066,,,
2025-06-05 17:42:06+02:00,,,,53.0,
2025-06-05 17:42:07+02:00,0.07,0.066,,,
2025-06-05 17:42:08+02:00,,,,53.0,
2025-06-05 17:42:09+02:00,0.07,0.066,,,
2025-06-05 17:42:12+02:00,0.074,0.066,,,
2025-06-05 17:42:14+02:00,0.074,0.066,,,
2025-06-05 17:42:15+02:00,,,,54.0,
2025-06-05 17:42:17+02:00,0.074,0.066,,54.0,
2025-06-05 17:42:19+02:00,0.087,0.066,,,
2025-06-05 17:42:22+02:00,0.087,0.066,,,
2025-06-05 17:42:25+02:00,0.087,0.066,,,
2025-06-05 17:42:26+02:00,,,,57.0,
2025-06-05 17:42:27+02:00,0.087,0.066,,,
2025-06-05 17:42:30+02:00,0.087,0.066,,,
2025-06-05 17:42:31+02:00,,,,57.0,
2025-06-05 17:42:32+02:00,0.087,0.066,,57.0,1.6
2025-06-05 17:42:35+02:00,0.041,0.066,,,
2025-06-05 17:42:37+02:00,0.041,0.066,,,
2025-06-05 17:42:40+02:00,0.041,0.066,,,
2025-06-05 17:42:41+02:00,,,,56.0,
2025-06-05 17:42:43+02:00,0.041,0.066,,56.0,
2025-06-05 17:42:45+02:00,0.041,0.066,,,6.5
2025-06-05 17:42:48+02:00,0.091,0.066,,,
2025-06-05 17:42:50+02:00,0.091,0.066,,58.0,
2025-06-05 17:42:53+02:00,0.095,0.066,,,
2025-06-05 17:42:55+02:00,0.095,0.066,,59.0,
2025-06-05 17:42:57+02:00,,,,59.0,
2025-06-05 17:42:58+02:00,0.095,0.066,,,1.6
2025-06-05 17:43:00+02:00,0.041,0.066,,,
2025-06-05 17:43:03+02:00,0.041,0.066,,,
2025-06-05 17:43:05+02:00,,,,57.0,
2025-06-05 17:43:06+02:00,0.041,0.066,,,
2025-06-05 17:43:08+02:00,0.041,0.066,,,
2025-06-05 17:43:09+02:00,,,,56.0,
2025-06-05 17:43:11+02:00,0.041,0.066,,,
2025-06-05 17:43:13+02:00,0.041,0.066,,,
2025-06-05 17:43:15+02:00,,,,56.0,
2025-06-05 17:43:16+02:00,0.041,0.066,,,
2025-06-05 17:43:18+02:00,0.041,0.066,,,6.5
2025-06-05 17:43:19+02:00,,,,57.0,
2025-06-05 17:43:21+02:00,0.091,0.066,,,
2025-06-05 17:43:22+02:00,,,,58.0,
2025-06-05 17:43:24+02:00,0.091,0.066,,,
2025-06-05 17:43:26+02:00,0.108,0.066,,,
2025-06-05 17:43:28+02:00,,,,62.0,
2025-06-05 17:43:29+02:00,0.108,0.066,,,
2025-06-05 17:43:31+02:00,0.104,0.066,,,
2025-06-05 17:43:32+02:00,,,,61.0,
2025-06-05 17:43:34+02:00,0.104,0.066,,,
2025-06-05 17:43:36+02:00,0.087,0.066,,,
2025-06-05 17:43:39+02:00,0.087,0.066,,,
2025-06-05 17:43:40+02:00,,,,57.0,
2025-06-05 17:43:41+02:00,0.087,0.066,,,
2025-06-05 17:43:44+02:00,0.082,0.066,,,
2025-06-05 17:43:45+02:00,,,,56.0,
2025-06-05 17:43:47+02:00,0.082,0.066,,,
2025-06-05 17:43:49+02:00,0.082,0.066,,,
2025-06-05 17:43:50+02:00,,,,56.0,
2025-06-05 17:43:52+02:00,0.082,0.066,,,
2025-06-05 17:43:53+02:00,,,,56.0,
2025-06-05 17:43:54+02:00,0.082,0.066,,,4.0
2025-06-05 17:43:57+02:00,0.077,0.066,,,
2025-06-05 17:43:59+02:00,0.077,0.066,,57.0,
2025-06-05 17:44:02+02:00,0.077,0.066,,60.0,6.5
2025-06-05 17:44:05+02:00,0.099,0.066,,,
2025-06-05 17:44:07+02:00,0.155,0.066,,,
2025-06-05 17:44:10+02:00,0.155,0.066,,73.0,2.5
2025-06-05 17:44:12+02:00,0.041,0.066,,,
2025-06-05 17:44:14+02:00,,,,75.0,
2025-06-05 17:44:15+02:00,0.041,0.066,,,
2025-06-05 17:44:17+02:00,0.041,0.066,,74.0,
2025-06-05 17:44:20+02:00,0.041,0.066,,,
2025-06-05 17:44:22+02:00,0.041,0.066,,,
2025-06-05 17:44:25+02:00,0.077,0.066,,67.0,
