timestamp,active_energy_burned,basal_energy_burned,heart_rate,physical_effort
2025-06-05 17:58:54,0.077,0.066,56.0,
2025-06-05 17:58:56,0.077,0.066,,
2025-06-05 17:58:59,0.077,0.066,,
2025-06-05 17:59:00,,,54.0,
2025-06-05 17:59:01,0.077,0.066,,
2025-06-05 17:59:02,,,54.0,
2025-06-05 17:59:04,0.077,0.066,,5.5
2025-06-05 17:59:06,0.082,0.066,,
2025-06-05 17:59:08,,,56.0,
2025-06-05 17:59:09,0.082,0.066,,
2025-06-05 17:59:11,0.091,0.066,,
2025-06-05 17:59:14,0.091,0.066,,
2025-06-05 17:59:15,,,58.0,
2025-06-05 17:59:17,0.091,0.066,,
2025-06-05 17:59:19,0.077,0.066,,4.0
2025-06-05 17:59:21,,,58.0,
2025-06-05 17:59:22,0.077,0.066,,
2025-06-05 17:59:23,,,58.0,
2025-06-05 17:59:24,0.077,0.066,,
2025-06-05 17:59:27,0.077,0.066,58.0,5.3
2025-06-05 17:59:29,0.091,0.066,,
2025-06-05 17:59:32,0.095,0.066,,
2025-06-05 17:59:33,,,59.0,
2025-06-05 17:59:34,0.095,0.066,,
2025-06-05 17:59:37,0.082,0.066,,
2025-06-05 17:59:40,0.077,0.066,,
2025-06-05 17:59:41,,,56.0,
2025-06-05 17:59:42,0.041,0.066,,3.4
2025-06-05 17:59:45,0.041,0.066,55.0,
2025-06-05 17:59:47,0.041,0.066,,
2025-06-05 17:59:49,,,55.0,
2025-06-05 17:59:50,0.077,0.066,,
2025-06-05 17:59:52,0.078,0.066,,6.3
2025-06-05 17:59:55,0.078,0.066,55.0,
2025-06-05 17:59:57,,,55.0,
2025-06-05 17:59:58,0.078,0.066,,
2025-06-05 18:00:00,0.078,0.066,,
2025-06-05 18:00:03,0.099,0.066,,
2025-06-05 18:00:04,,,60.0,
2025-06-05 18:00:05,0.099,0.066,,
2025-06-05 18:00:08,0.095,0.066,59.0,
2025-06-05 18:00:10,0.095,0.066,,
2025-06-05 18:00:13,0.082,0.066,,
2025-06-05 18:00:15,0.082,0.066,,
2025-06-05 18:00:16,,,56.0,
2025-06-05 18:00:18,0.082,0.066,,
2025-06-05 18:00:20,,,56.0,
2025-06-05 18:00:21,0.082,0.066,,
2025-06-05 18:00:23,0.087,0.066,,
2025-06-05 18:00:26,0.087,0.066,57.0,
2025-06-05 18:00:28,0.077,0.066,,
2025-06-05 18:00:31,0.077,0.066,58.0,
2025-06-05 18:00:32,,,58.0,
2025-06-05 18:00:33,0.091,0.066,,
2025-06-05 18:00:36,0.091,0.066,,
2025-06-05 18:00:38,,,58.0,
2025-06-05 18:00:39,0.091,0.066,,
2025-06-05 18:00:41,0.091,0.066,,
2025-06-05 18:00:44,0.091,0.066,,1.6
2025-06-05 18:00:45,,,59.0,
2025-06-05 18:00:46,0.041,0.066,,
2025-06-05 18:00:49,0.041,0.066,,
2025-06-05 18:00:51,0.041,0.066,55.0,6.5
2025-06-05 18:00:53,,,55.0,
2025-06-05 18:00:54,0.078,0.066,,
2025-06-05 18:00:56,0.078,0.066,,
2025-06-05 18:00:59,0.078,0.066,55.0,
2025-06-05 18:01:02,0.074,0.066,,
2025-06-05 18:01:04,0.074,0.066,54.0,
2025-06-05 18:01:07,0.074,0.066,54.0,
2025-06-05 18:01:09,0.077,0.066,,4.3
2025-06-05 18:01:12,0.077,0.066,55.0,
2025-06-05 18:01:14,0.077,0.066,,
2025-06-05 18:01:17,0.077,0.066,,
2025-06-05 18:01:20,0.078,0.066,,6.2
2025-06-05 18:01:22,0.078,0.066,,
2025-06-05 18:01:25,0.078,0.066,,
2025-06-05 18:01:27,0.078,0.066,,
2025-06-05 18:01:30,0.078,0.066,,
2025-06-05 18:01:32,0.078,0.066,,
2025-06-05 18:01:35,0.078,0.066,,
2025-06-05 18:01:37,0.078,0.066,,
2025-06-05 18:01:40,0.078,0.066,,
2025-06-05 18:01:41,,,64.0,
2025-06-05 18:01:43,0.078,0.066,,
2025-06-05 18:01:45,0.267,0.066,,
2025-06-05 18:01:46,,,65.0,
2025-06-05 18:01:48,0.267,0.066,,
2025-06-05 18:01:50,0.267,0.066,,
2025-06-05 18:01:51,,,62.0,
2025-06-05 18:01:53,0.267,0.066,,
2025-06-05 18:01:55,0.267,0.066,,1.6
2025-06-05 18:01:56,,,61.0,
2025-06-05 18:01:58,0.041,0.066,,
2025-06-05 18:02:01,0.041,0.066,60.0,
2025-06-05 18:02:03,0.041,0.066,,
2025-06-05 18:02:06,0.041,0.066,59.0,
2025-06-05 18:02:08,0.041,0.066,,
2025-06-05 18:02:11,0.041,0.066,58.0,
2025-06-05 18:02:13,0.041,0.066,,
2025-06-05 18:02:15,,,58.0,
2025-06-05 18:02:16,0.041,0.066,,
2025-06-05 18:02:18,0.041,0.066,,
2025-06-05 18:02:21,0.041,0.066,58.0,6.4
2025-06-05 18:02:22,,,58.0,
2025-06-05 18:02:24,0.091,0.066,,
2025-06-05 18:02:26,0.095,0.066,,
2025-06-05 18:02:27,,,59.0,
2025-06-05 18:02:29,0.095,0.066,,
2025-06-05 18:02:31,0.095,0.066,,
2025-06-05 18:02:34,0.095,0.066,59.0,
2025-06-05 18:02:36,0.099,0.066,,
2025-06-05 18:02:37,,,60.0,
2025-06-05 18:02:39,0.099,0.066,,
2025-06-05 18:02:42,0.097,0.066,,
2025-06-05 18:02:44,0.097,0.066,,
2025-06-05 18:02:45,,,59.0,
2025-06-05 18:02:47,0.097,0.066,59.0,
2025-06-05 18:02:49,0.097,0.066,,
2025-06-05 18:02:52,0.099,0.066,60.0,
2025-06-05 18:02:54,0.099,0.066,,
2025-06-05 18:02:57,0.099,0.066,,
2025-06-05 18:02:58,,,60.0,
2025-06-05 18:02:59,0.099,0.066,,
2025-06-05 18:03:02,0.099,0.066,,
2025-06-05 18:03:03,,,60.0,
2025-06-05 18:03:05,0.099,0.066,,1.6
2025-06-05 18:03:07,0.041,0.066,,
2025-06-05 18:03:10,0.041,0.066,,
2025-06-05 18:03:11,,,58.0,
2025-06-05 18:03:12,0.041,0.066,,
2025-06-05 18:03:15,0.041,0.066,58.0,
2025-06-05 18:03:17,0.041,0.066,,
2025-06-05 18:03:18,,,58.0,
2025-06-05 18:03:20,0.041,0.066,,
2025-06-05 18:03:23,0.041,0.066,,
2025-06-05 18:03:25,0.041,0.066,,
2025-06-05 18:03:26,,,59.0,
2025-06-05 18:03:28,0.041,0.066,,
2025-06-05 18:03:29,,,59.0,
2025-06-05 18:03:30,0.041,0.066,,
2025-06-05 18:03:33,0.041,0.066,60.0,
2025-06-05 18:03:35,0.041,0.066,,5.9
2025-06-05 18:03:37,,,61.0,
2025-06-05 18:03:38,0.104,0.066,,
2025-06-05 18:03:40,0.112,0.066,,
2025-06-05 18:03:42,,,63.0,
2025-06-05 18:03:43,0.112,0.066,,
2025-06-05 18:03:46,0.121,0.066,,
2025-06-05 18:03:48,0.121,0.066,65.0,
2025-06-05 18:03:51,0.121,0.066,,
2025-06-05 18:03:53,0.112,0.066,,
2025-06-05 18:03:56,0.112,0.066,63.0,
2025-06-05 18:03:58,0.104,0.066,,
2025-06-05 18:04:01,0.097,0.066,61.0,
2025-06-05 18:04:03,0.077,0.066,,
2025-06-05 18:04:04,,,61.0,
2025-06-05 18:04:06,0.077,0.066,,
2025-06-05 18:04:07,,,62.0,
2025-06-05 18:04:09,0.108,0.066,,
2025-06-05 18:04:11,0.108,0.066,,
2025-06-05 18:04:14,0.077,0.066,,
2025-06-05 18:04:16,0.077,0.066,65.0,
2025-06-05 18:04:19,0.108,0.066,,
2025-06-05 18:04:21,0.108,0.066,62.0,
2025-06-05 18:04:24,0.095,0.066,,
2025-06-05 18:04:26,,,59.0,
2025-06-05 18:04:27,0.095,0.066,,
2025-06-05 18:04:29,0.095,0.066,,
2025-06-05 18:04:30,,,59.0,
2025-06-05 18:04:32,0.095,0.066,,
2025-06-05 18:04:34,0.095,0.066,,1.6
2025-06-05 18:04:36,,,64.0,
2025-06-05 18:04:37,0.041,0.066,,
2025-06-05 18:04:39,0.041,0.066,64.0,
2025-06-05 18:04:42,0.041,0.066,,
2025-06-05 18:04:43,,,62.0,
2025-06-05 18:04:44,0.041,0.066,,
2025-06-05 18:04:47,0.041,0.066,,
2025-06-05 18:04:50,0.041,0.066,59.0,
2025-06-05 18:04:52,0.041,0.066,,
2025-06-05 18:04:55,0.041,0.066,,
2025-06-05 18:04:56,,,60.0,
2025-06-05 18:04:57,0.041,0.066,,
2025-06-05 18:04:58,,,60.0,
2025-06-05 18:05:00,0.041,0.066,,
2025-06-05 18:05:02,0.041,0.066,,
2025-06-05 18:05:03,,,59.0,
2025-06-05 18:05:05,0.041,0.066,,
2025-06-05 18:05:08,0.041,0.066,,
2025-06-05 18:05:10,0.041,0.066,,
2025-06-05 18:05:11,,,57.0,
2025-06-05 18:05:13,0.041,0.066,,
2025-06-05 18:05:15,0.041,0.066,56.0,
2025-06-05 18:05:18,0.041,0.066,,4.9
2025-06-05 18:05:20,0.077,0.066,,
2025-06-05 18:05:21,,,55.0,
2025-06-05 18:05:22,,,55.0,
2025-06-05 18:05:23,0.077,0.066,,
2025-06-05 18:05:25,0.078,0.066,,
2025-06-05 18:05:28,0.078,0.066,,6.1
2025-06-05 18:05:30,,,57.0,
2025-06-05 18:05:31,0.087,0.066,,
2025-06-05 18:05:33,0.077,0.066,,
2025-06-05 18:05:34,,,57.0,
2025-06-05 18:05:36,0.087,0.066,,
2025-06-05 18:05:38,0.087,0.066,57.0,
2025-06-05 18:05:41,0.087,0.066,,
2025-06-05 18:05:42,,,57.0,
2025-06-05 18:05:43,0.087,0.066,,
2025-06-05 18:05:46,0.087,0.066,,
2025-06-05 18:05:49,0.108,0.066,,
2025-06-05 18:05:51,0.108,0.066,62.0,
2025-06-05 18:05:52,,,61.0,
2025-06-05 18:05:54,0.095,0.066,,
2025-06-05 18:05:56,0.095,0.066,,
2025-06-05 18:05:59,0.095,0.066,59.0,
2025-06-05 18:06:01,0.087,0.066,,
2025-06-05 18:06:04,0.087,0.066,57.0,
2025-06-05 18:06:06,0.087,0.066,,
2025-06-05 18:06:09,0.087,0.066,,
2025-06-05 18:06:11,,,56.0,
2025-06-05 18:06:12,0.087,0.066,57.0,
2025-06-05 18:06:14,0.087,0.066,,
2025-06-05 18:06:17,0.074,0.066,,
2025-06-05 18:06:19,0.074,0.066,,
2025-06-05 18:06:20,,,54.0,
2025-06-05 18:06:22,0.074,0.066,,
2025-06-05 18:06:24,0.074,0.066,54.0,
2025-06-05 18:06:27,0.074,0.066,,1.6
2025-06-05 18:06:30,0.041,0.066,,
2025-06-05 18:06:31,,,53.0,
2025-06-05 18:06:32,0.041,0.066,,
2025-06-05 18:06:35,0.041,0.066,52.0,
2025-06-05 18:06:37,0.041,0.066,,
2025-06-05 18:06:39,,,51.0,
2025-06-05 18:06:40,0.041,0.066,,6.5
2025-06-05 18:06:42,0.07,0.066,,
2025-06-05 18:06:44,,,53.0,
2025-06-05 18:06:45,0.07,0.066,,
2025-06-05 18:06:47,0.082,0.066,,
2025-06-05 18:06:49,,,56.0,
2025-06-05 18:06:50,0.082,0.066,,
2025-06-05 18:06:53,0.082,0.066,,
2025-06-05 18:06:55,0.082,0.066,,
2025-06-05 18:06:56,,,56.0,
2025-06-05 18:06:58,0.082,0.066,,
2025-06-05 18:07:00,0.082,0.066,,
2025-06-05 18:07:01,,,56.0,
2025-06-05 18:07:02,,,56.0,
2025-06-05 18:07:03,0.082,0.066,,
2025-06-05 18:07:05,0.082,0.066,,
2025-06-05 18:07:08,0.082,0.066,56.0,
2025-06-05 18:07:11,0.082,0.066,,
2025-06-05 18:07:13,0.078,0.066,,
2025-06-05 18:07:16,0.078,0.066,55.0,
2025-06-05 18:07:18,0.078,0.066,,
2025-06-05 18:07:21,0.078,0.066,55.0,
2025-06-05 18:07:22,,,55.0,
2025-06-05 18:07:23,0.078,0.066,,1.6
2025-06-05 18:07:26,0.041,0.066,,
2025-06-05 18:07:28,0.041,0.066,,
2025-06-05 18:07:29,,,54.0,
2025-06-05 18:07:31,0.041,0.066,,
2025-06-05 18:07:34,0.041,0.066,,
2025-06-05 18:07:36,0.041,0.066,54.0,
2025-06-05 18:07:39,0.041,0.066,,6.5
2025-06-05 18:07:40,,,54.0,
2025-06-05 18:07:41,0.074,0.066,,
2025-06-05 18:07:42,,,54.0,
2025-06-05 18:07:44,0.074,0.066,,
2025-06-05 18:07:46,0.082,0.066,,
2025-06-05 18:07:49,0.082,0.066,,
2025-06-05 18:07:50,,,56.0,
2025-06-05 18:07:52,0.087,0.066,57.0,
2025-06-05 18:07:54,0.087,0.066,,
2025-06-05 18:07:57,0.082,0.066,,
2025-06-05 18:07:59,0.082,0.066,,4.9
2025-06-05 18:08:01,,,56.0,
2025-06-05 18:08:02,0.077,0.066,,
2025-06-05 18:08:04,0.077,0.066,,
2025-06-05 18:08:07,0.097,0.066,,
2025-06-05 18:08:09,0.097,0.066,,
2025-06-05 18:08:12,0.097,0.066,62.0,
2025-06-05 18:08:15,0.097,0.066,,
2025-06-05 18:08:17,0.097,0.066,64.0,6.5
2025-06-05 18:08:20,0.116,0.066,,
2025-06-05 18:08:22,0.138,0.066,,
2025-06-05 18:08:25,0.138,0.066,,
2025-06-05 18:08:26,,,69.0,
2025-06-05 18:08:27,0.138,0.066,,
2025-06-05 18:08:30,0.129,0.066,67.0,
2025-06-05 18:08:32,0.125,0.066,66.0,
2025-06-05 18:08:35,0.125,0.066,,
2025-06-05 18:08:38,0.108,0.066,,
2025-06-05 18:08:40,0.108,0.066,,
2025-06-05 18:08:41,,,62.0,
2025-06-05 18:08:43,0.108,0.066,,
2025-06-05 18:08:45,0.099,0.066,,
2025-06-05 18:08:46,,,60.0,
2025-06-05 18:08:48,0.099,0.066,,
2025-06-05 18:08:50,0.091,0.066,,
2025-06-05 18:08:51,,,58.0,
2025-06-05 18:08:53,0.091,0.066,,
2025-06-05 18:08:56,0.087,0.066,57.0,
2025-06-05 18:08:57,,,57.0,
2025-06-05 18:08:58,0.087,0.066,,
2025-06-05 18:09:01,0.087,0.066,,
2025-06-05 18:09:03,0.082,0.066,,
2025-06-05 18:09:06,0.082,0.066,56.0,2.2
2025-06-05 18:09:08,0.041,0.066,,
2025-06-05 18:09:11,0.041,0.066,57.0,
2025-06-05 18:09:13,0.041,0.066,,
2025-06-05 18:09:16,0.041,0.066,55.0,
2025-06-05 18:09:19,0.041,0.066,56.0,
2025-06-05 18:09:21,0.082,0.066,,6.5
2025-06-05 18:09:22,,,56.0,
2025-06-05 18:09:24,0.082,0.066,,
2025-06-05 18:09:26,0.087,0.066,,
2025-06-05 18:09:27,,,57.0,
2025-06-05 18:09:29,0.087,0.066,,
2025-06-05 18:09:31,0.087,0.066,,
2025-06-05 18:09:34,0.087,0.066,,
2025-06-05 18:09:36,,,57.0,
2025-06-05 18:09:37,0.087,0.066,,4.0
2025-06-05 18:09:39,0.077,0.066,,
2025-06-05 18:09:40,,,57.0,
2025-06-05 18:09:42,0.077,0.066,57.0,
2025-06-05 18:09:44,0.077,0.066,,6.4
2025-06-05 18:09:47,0.104,0.066,61.0,
2025-06-05 18:09:49,0.104,0.066,,
2025-06-05 18:09:52,0.138,0.066,,
2025-06-05 18:09:54,0.138,0.066,,
2025-06-05 18:09:56,,,69.0,
2025-06-05 18:09:57,0.138,0.066,,
2025-06-05 18:10:00,0.138,0.066,72.0,
2025-06-05 18:10:02,0.142,0.066,,
2025-06-05 18:10:03,,,70.0,
2025-06-05 18:10:05,0.112,0.066,,
2025-06-05 18:10:07,0.112,0.066,,
2025-06-05 18:10:10,0.112,0.066,,
2025-06-05 18:10:11,,,63.0,
2025-06-05 18:10:12,0.112,0.066,,
2025-06-05 18:10:15,0.099,0.066,,
2025-06-05 18:10:16,,,60.0,
2025-06-05 18:10:18,0.095,0.066,,
2025-06-05 18:10:19,,,59.0,
2025-06-05 18:10:20,0.095,0.066,,
2025-06-05 18:10:23,0.082,0.066,,
2025-06-05 18:10:24,,,56.0,
2025-06-05 18:10:25,0.082,0.066,,
2025-06-05 18:10:28,0.078,0.066,,1.6
2025-06-05 18:10:30,0.041,0.066,55.0,
2025-06-05 18:10:33,0.041,0.066,,
2025-06-05 18:10:34,,,55.0,
2025-06-05 18:10:35,0.041,0.066,,
2025-06-05 18:10:38,0.041,0.066,,6.4
2025-06-05 18:10:41,0.074,0.066,54.0,
2025-06-05 18:10:43,0.074,0.066,,
2025-06-05 18:10:46,0.074,0.066,54.0,
2025-06-05 18:10:48,0.074,0.066,54.0,
2025-06-05 18:10:51,0.078,0.066,,
2025-06-05 18:10:52,,,55.0,
2025-06-05 18:10:53,0.078,0.066,,
2025-06-05 18:10:56,0.078,0.066,,
2025-06-05 18:10:57,,,55.0,
2025-06-05 18:10:59,0.078,0.066,,
2025-06-05 18:11:01,0.097,0.066,,
2025-06-05 18:11:04,0.108,0.066,,
2025-06-05 18:11:06,0.108,0.066,62.0,
2025-06-05 18:11:07,,,62.0,
2025-06-05 18:11:09,0.108,0.066,,
2025-06-05 18:11:11,0.104,0.066,,
2025-06-05 18:11:12,,,61.0,
2025-06-05 18:11:14,0.104,0.066,,1.6
2025-06-05 18:11:16,0.041,0.066,,
2025-06-05 18:11:18,,,58.0,
2025-06-05 18:11:19,0.041,0.066,,
2025-06-05 18:11:22,0.041,0.066,,
2025-06-05 18:11:24,0.041,0.066,,6.5
2025-06-05 18:11:26,,,56.0,
2025-06-05 18:11:27,0.078,0.066,,
2025-06-05 18:11:29,0.078,0.066,,
2025-06-05 18:11:31,,,55.0,
2025-06-05 18:11:32,0.078,0.066,,
2025-06-05 18:11:34,0.078,0.066,,
2025-06-05 18:11:35,,,55.0,
2025-06-05 18:11:37,0.078,0.066,55.0,
2025-06-05 18:11:40,0.082,0.066,,
2025-06-05 18:11:42,0.082,0.066,56.0,
2025-06-05 18:11:45,0.082,0.066,,
2025-06-05 18:11:47,0.078,0.066,,
2025-06-05 18:11:50,0.078,0.066,,
2025-06-05 18:11:51,,,55.0,
2025-06-05 18:11:52,0.078,0.066,,
2025-06-05 18:11:53,,,55.0,
2025-06-05 18:11:55,0.078,0.066,,
2025-06-05 18:11:57,0.078,0.066,,
2025-06-05 18:12:00,0.078,0.066,55.0,
2025-06-05 18:12:03,0.078,0.066,,
2025-06-05 18:12:04,,,55.0,
2025-06-05 18:12:05,0.078,0.066,,
2025-06-05 18:12:08,0.078,0.066,55.0,
2025-06-05 18:12:10,0.078,0.066,,
2025-06-05 18:12:13,0.082,0.066,,
2025-06-05 18:12:15,0.082,0.066,,
2025-06-05 18:12:16,,,56.0,
2025-06-05 18:12:18,0.082,0.066,,
2025-06-05 18:12:20,0.082,0.066,,
2025-06-05 18:12:21,,,56.0,
2025-06-05 18:12:23,0.082,0.066,,
2025-06-05 18:12:26,0.078,0.066,55.0,
2025-06-05 18:12:28,0.078,0.066,,
2025-06-05 18:12:30,,,55.0,
2025-06-05 18:12:31,0.078,0.066,,
2025-06-05 18:12:33,0.074,0.066,,
2025-06-05 18:12:36,0.074,0.066,54.0,
2025-06-05 18:12:38,0.078,0.066,,
2025-06-05 18:12:41,0.078,0.066,55.0,
2025-06-05 18:12:44,0.078,0.066,,
2025-06-05 18:12:45,,,55.0,
2025-06-05 18:12:46,0.078,0.066,,
2025-06-05 18:12:47,,,55.0,
2025-06-05 18:12:49,0.078,0.066,,
2025-06-05 18:12:51,0.078,0.066,,
2025-06-05 18:12:53,,,55.0,
2025-06-05 18:12:54,0.078,0.066,,1.6
2025-06-05 18:12:56,0.041,0.066,,
2025-06-05 18:12:59,0.041,0.066,,
2025-06-05 18:13:00,,,55.0,
2025-06-05 18:13:01,0.041,0.066,,
2025-06-05 18:13:04,0.041,0.066,,
2025-06-05 18:13:05,,,54.0,
2025-06-05 18:13:07,0.041,0.066,55.0,
2025-06-05 18:13:09,0.041,0.066,,
2025-06-05 18:13:12,0.041,0.066,,
2025-06-05 18:13:13,,,54.0,
2025-06-05 18:13:14,0.041,0.066,,
2025-06-05 18:13:17,0.041,0.066,,
2025-06-05 18:13:19,0.041,0.066,,
2025-06-05 18:13:21,,,53.0,
2025-06-05 18:13:22,0.041,0.066,,
2025-06-05 18:13:23,,,53.0,
2025-06-05 18:13:25,0.041,0.066,,
2025-06-05 18:13:27,0.041,0.066,,6.5
2025-06-05 18:13:29,,,53.0,
2025-06-05 18:13:30,0.07,0.066,,
2025-06-05 18:13:32,0.07,0.066,54.0,
2025-06-05 18:13:35,0.07,0.066,,
2025-06-05 18:13:37,0.07,0.066,53.0,1.6
2025-06-05 18:13:40,0.041,0.066,,
2025-06-05 18:13:42,0.041,0.066,,
2025-06-05 18:13:45,0.041,0.066,,
2025-06-05 18:13:46,,,54.0,
2025-06-05 18:13:48,0.041,0.066,,6.2
2025-06-05 18:13:50,0.074,0.066,,
2025-06-05 18:13:51,,,54.0,
2025-06-05 18:13:52,,,54.0,
2025-06-05 18:13:53,0.074,0.066,,
2025-06-05 18:13:55,0.074,0.066,,
2025-06-05 18:13:57,,,54.0,
2025-06-05 18:13:58,0.074,0.066,,
2025-06-05 18:14:00,0.078,0.066,,
2025-06-05 18:14:02,,,55.0,
2025-06-05 18:14:03,0.078,0.066,,
2025-06-05 18:14:06,0.078,0.066,,
2025-06-05 18:14:07,,,55.0,
2025-06-05 18:14:08,0.078,0.066,,
2025-06-05 18:14:11,0.091,0.066,,
2025-06-05 18:14:13,0.091,0.066,58.0,
2025-06-05 18:14:16,0.087,0.066,,
2025-06-05 18:14:17,,,57.0,
2025-06-05 18:14:18,0.077,0.066,,
2025-06-05 18:14:21,0.077,0.066,,
2025-06-05 18:14:22,,,57.0,
2025-06-05 18:14:23,0.095,0.066,,
2025-06-05 18:14:26,0.095,0.066,,
2025-06-05 18:14:27,,,59.0,
2025-06-05 18:14:29,0.095,0.066,,
2025-06-05 18:14:31,0.095,0.066,,
2025-06-05 18:14:34,0.091,0.066,,
2025-06-05 18:14:36,0.091,0.066,58.0,
2025-06-05 18:14:39,0.082,0.066,,1.6
2025-06-05 18:14:41,0.041,0.066,56.0,
2025-06-05 18:14:44,0.041,0.066,,
2025-06-05 18:14:45,,,55.0,
2025-06-05 18:14:47,0.041,0.066,,4.5
2025-06-05 18:14:49,0.077,0.066,,
2025-06-05 18:14:51,,,55.0,
2025-06-05 18:14:52,0.077,0.066,55.0,
2025-06-05 18:14:54,0.077,0.066,,
2025-06-05 18:14:57,0.077,0.066,,
2025-06-05 18:14:59,0.077,0.066,58.0,
2025-06-05 18:15:02,0.077,0.066,60.0,
2025-06-05 18:15:04,0.077,0.066,,
2025-06-05 18:15:07,0.097,0.066,67.0,6.0
2025-06-05 18:15:10,0.129,0.066,,
2025-06-05 18:15:12,0.15,0.066,,
2025-06-05 18:15:15,0.15,0.066,,
2025-06-05 18:15:16,,,72.0,
2025-06-05 18:15:17,0.15,0.066,,
2025-06-05 18:15:20,0.146,0.066,72.0,
2025-06-05 18:15:22,0.146,0.066,71.0,
2025-06-05 18:15:25,0.146,0.066,,
2025-06-05 18:15:28,0.133,0.066,,
2025-06-05 18:15:30,0.133,0.066,,
2025-06-05 18:15:31,,,68.0,
2025-06-05 18:15:33,0.129,0.066,,
2025-06-05 18:15:34,,,67.0,
2025-06-05 18:15:35,0.129,0.066,,
2025-06-05 18:15:37,,,67.0,
2025-06-05 18:15:38,0.129,0.066,,
2025-06-05 18:15:40,0.097,0.066,,
2025-06-05 18:15:42,,,66.0,
2025-06-05 18:15:43,0.097,0.066,,
2025-06-05 18:15:45,0.097,0.066,,
2025-06-05 18:15:47,,,66.0,
2025-06-05 18:15:48,0.125,0.066,,
2025-06-05 18:15:51,0.125,0.066,,
2025-06-05 18:15:52,,,66.0,
2025-06-05 18:15:53,0.125,0.066,,
2025-06-05 18:15:56,0.125,0.066,,
2025-06-05 18:15:58,0.155,0.066,,
2025-06-05 18:16:01,0.155,0.066,73.0,
2025-06-05 18:16:03,0.155,0.066,,
2025-06-05 18:16:04,,,74.0,
2025-06-05 18:16:06,0.146,0.066,,
2025-06-05 18:16:07,,,71.0,
2025-06-05 18:16:09,0.138,0.066,,
2025-06-05 18:16:11,0.138,0.066,,
2025-06-05 18:16:12,,,69.0,
2025-06-05 18:16:14,0.138,0.066,,
2025-06-05 18:16:16,0.129,0.066,,
2025-06-05 18:16:17,,,67.0,
2025-06-05 18:16:19,0.097,0.066,,
2025-06-05 18:16:21,0.041,0.066,,3.7
2025-06-05 18:16:24,0.041,0.066,,
2025-06-05 18:16:26,0.041,0.066,64.0,
2025-06-05 18:16:29,0.097,0.066,,
2025-06-05 18:16:31,,,60.0,
2025-06-05 18:16:32,0.097,0.066,,6.5
2025-06-05 18:16:34,0.087,0.066,,
2025-06-05 18:16:35,,,57.0,
2025-06-05 18:16:37,0.082,0.066,,
2025-06-05 18:16:38,,,56.0,
2025-06-05 18:16:39,0.082,0.066,,
2025-06-05 18:16:42,0.082,0.066,,
2025-06-05 18:16:44,0.082,0.066,,1.6
2025-06-05 18:16:46,,,56.0,
2025-06-05 18:16:47,0.041,0.066,,
2025-06-05 18:16:49,0.041,0.066,,
2025-06-05 18:16:51,,,56.0,
2025-06-05 18:16:52,0.041,0.066,,
2025-06-05 18:16:55,0.041,0.066,,
2025-06-05 18:16:56,,,57.0,
2025-06-05 18:16:57,0.041,0.066,,
2025-06-05 18:17:00,0.041,0.066,,
2025-06-05 18:17:01,,,57.0,
2025-06-05 18:17:02,0.041,0.066,,
2025-06-05 18:17:03,,,57.0,
2025-06-05 18:17:05,0.041,0.066,,6.5
2025-06-05 18:17:07,0.091,0.066,,
2025-06-05 18:17:10,0.091,0.066,58.0,
2025-06-05 18:17:13,0.095,0.066,,
2025-06-05 18:17:15,0.095,0.066,59.0,
2025-06-05 18:17:17,,,58.0,
2025-06-05 18:17:18,0.091,0.066,,
2025-06-05 18:17:20,0.091,0.066,,
2025-06-05 18:17:23,0.104,0.066,,
2025-06-05 18:17:25,0.104,0.066,,2.1
2025-06-05 18:17:26,,,61.0,
2025-06-05 18:17:27,,,60.0,
2025-06-05 18:17:28,0.041,0.066,,
2025-06-05 18:17:30,0.041,0.066,,
2025-06-05 18:17:33,0.041,0.066,,
2025-06-05 18:17:34,,,58.0,
2025-06-05 18:17:36,0.041,0.066,,
2025-06-05 18:17:37,,,58.0,
2025-06-05 18:17:38,0.041,0.066,,
2025-06-05 18:17:41,0.041,0.066,,
2025-06-05 18:17:43,0.087,0.066,,6.4
2025-06-05 18:17:44,,,56.0,
2025-06-05 18:17:46,0.087,0.066,,
2025-06-05 18:17:47,,,57.0,
2025-06-05 18:17:48,0.087,0.066,,
2025-06-05 18:17:51,0.087,0.066,,
2025-06-05 18:17:54,0.082,0.066,,
2025-06-05 18:17:56,0.082,0.066,56.0,
2025-06-05 18:17:59,0.082,0.066,,
2025-06-05 18:18:01,0.082,0.066,56.0,
2025-06-05 18:18:02,,,56.0,
2025-06-05 18:18:04,0.082,0.066,,
2025-06-05 18:18:06,0.082,0.066,,
2025-06-05 18:18:09,0.082,0.066,,1.6
2025-06-05 18:18:11,0.041,0.066,56.0,
2025-06-05 18:18:14,0.041,0.066,,
2025-06-05 18:18:16,,,55.0,
2025-06-05 18:18:17,0.041,0.066,,
2025-06-05 18:18:19,0.041,0.066,55.0,
2025-06-05 18:18:22,0.041,0.066,,
2025-06-05 18:18:24,0.041,0.066,,6.5
2025-06-05 18:18:26,,,57.0,
2025-06-05 18:18:27,0.087,0.066,,
2025-06-05 18:18:29,0.095,0.066,,
2025-06-05 18:18:31,,,59.0,
2025-06-05 18:18:32,0.095,0.066,,
2025-06-05 18:18:34,,,59.0,
2025-06-05 18:18:35,0.095,0.066,,4.5
2025-06-05 18:18:37,0.077,0.066,,
2025-06-05 18:18:38,,,61.0,
2025-06-05 18:18:40,0.077,0.066,,
2025-06-05 18:18:42,0.077,0.066,62.0,
2025-06-05 18:18:45,0.077,0.066,,
2025-06-05 18:18:47,0.077,0.066,67.0,
2025-06-05 18:18:50,0.077,0.066,,
2025-06-05 18:18:52,0.124,0.066,,
2025-06-05 18:18:55,0.172,0.066,,6.5
2025-06-05 18:18:56,,,77.0,
2025-06-05 18:18:58,0.15,0.066,,
2025-06-05 18:19:00,0.15,0.066,,
2025-06-05 18:19:01,,,72.0,
2025-06-05 18:19:03,0.15,0.066,,1.6
2025-06-05 18:19:05,0.041,0.066,64.0,
2025-06-05 18:19:08,0.041,0.066,,
2025-06-05 18:19:10,0.041,0.066,,
2025-06-05 18:19:11,,,58.0,
2025-06-05 18:19:13,0.041,0.066,,6.5
2025-06-05 18:19:16,0.065,0.066,54.0,
2025-06-05 18:19:18,0.065,0.066,,
2025-06-05 18:19:20,,,52.0,
2025-06-05 18:19:21,0.065,0.066,,
2025-06-05 18:19:23,0.061,0.066,,
2025-06-05 18:19:25,,,51.0,
2025-06-05 18:19:26,0.061,0.066,,
2025-06-05 18:19:28,0.061,0.066,,
2025-06-05 18:19:30,,,51.0,
2025-06-05 18:19:31,0.061,0.066,,1.6
2025-06-05 18:19:33,0.041,0.066,,
2025-06-05 18:19:34,,,50.0,
2025-06-05 18:19:36,0.041,0.066,,
2025-06-05 18:19:39,0.041,0.066,50.0,
2025-06-05 18:19:41,0.041,0.066,,
2025-06-05 18:19:42,,,51.0,
2025-06-05 18:19:44,0.041,0.066,,6.2
2025-06-05 18:19:46,0.065,0.066,,
2025-06-05 18:19:47,,,52.0,
2025-06-05 18:19:49,0.065,0.066,,
2025-06-05 18:19:51,0.065,0.066,,
2025-06-05 18:19:54,0.065,0.066,,
2025-06-05 18:19:56,,,52.0,
2025-06-05 18:19:57,0.065,0.066,,
2025-06-05 18:19:59,0.065,0.066,,
2025-06-05 18:20:01,,,52.0,
2025-06-05 18:20:02,0.065,0.066,,
2025-06-05 18:20:04,0.07,0.066,,
2025-06-05 18:20:06,,,53.0,
2025-06-05 18:20:07,0.07,0.066,,
2025-06-05 18:20:09,0.07,0.066,53.0,
2025-06-05 18:20:12,0.074,0.066,54.0,
2025-06-05 18:20:14,0.074,0.066,,
2025-06-05 18:20:17,0.07,0.066,,
2025-06-05 18:20:18,,,53.0,
2025-06-05 18:20:20,0.07,0.066,,
2025-06-05 18:20:22,0.078,0.066,,
2025-06-05 18:20:23,,,55.0,
2025-06-05 18:20:25,0.078,0.066,,
2025-06-05 18:20:27,0.078,0.066,,
2025-06-05 18:20:29,,,56.0,
2025-06-05 18:20:30,0.082,0.066,,
2025-06-05 18:20:32,0.082,0.066,56.0,
2025-06-05 18:20:35,0.082,0.066,,
2025-06-05 18:20:38,0.082,0.066,,
2025-06-05 18:20:40,0.091,0.066,,
2025-06-05 18:20:41,,,58.0,
2025-06-05 18:20:43,0.091,0.066,,
2025-06-05 18:20:45,0.095,0.066,,
2025-06-05 18:20:46,,,59.0,
2025-06-05 18:20:47,,,59.0,
2025-06-05 18:20:48,0.095,0.066,,
2025-06-05 18:20:50,0.095,0.066,,
2025-06-05 18:20:53,0.082,0.066,,
2025-06-05 18:20:55,0.082,0.066,,
2025-06-05 18:20:56,,,56.0,
2025-06-05 18:20:58,0.074,0.066,,
2025-06-05 18:20:59,,,54.0,
2025-06-05 18:21:01,0.074,0.066,,
2025-06-05 18:21:03,0.07,0.066,,
2025-06-05 18:21:04,,,53.0,
2025-06-05 18:21:06,0.07,0.066,,
2025-06-05 18:21:07,,,53.0,
2025-06-05 18:21:08,0.07,0.066,,
2025-06-05 18:21:11,0.065,0.066,,
2025-06-05 18:21:12,,,52.0,
2025-06-05 18:21:13,0.065,0.066,,4.0
2025-06-05 18:21:16,0.077,0.066,,
2025-06-05 18:21:17,,,53.0,
2025-06-05 18:21:18,0.077,0.066,,
2025-06-05 18:21:21,0.077,0.066,,6.5
2025-06-05 18:21:24,0.087,0.066,,
2025-06-05 18:21:26,0.087,0.066,57.0,
2025-06-05 18:21:29,0.087,0.066,,
2025-06-05 18:21:31,0.087,0.066,57.0,
2025-06-05 18:21:34,0.078,0.066,,
2025-06-05 18:21:36,0.078,0.066,55.0,
2025-06-05 18:21:39,0.078,0.066,,1.6
2025-06-05 18:21:41,,,55.0,
2025-06-05 18:21:42,0.041,0.066,,
2025-06-05 18:21:44,0.041,0.066,,
2025-06-05 18:21:45,,,53.0,
2025-06-05 18:21:47,0.041,0.066,,
2025-06-05 18:21:49,0.041,0.066,,
2025-06-05 18:21:51,,,52.0,
2025-06-05 18:21:52,0.041,0.066,,
2025-06-05 18:21:54,0.041,0.066,,
2025-06-05 18:21:55,,,52.0,
2025-06-05 18:21:57,0.041,0.066,,
2025-06-05 18:21:59,0.041,0.066,,
2025-06-05 18:22:01,,,52.0,
2025-06-05 18:22:02,0.041,0.066,,
2025-06-05 18:22:04,,,52.0,
2025-06-05 18:22:05,0.041,0.066,,
2025-06-05 18:22:07,0.041,0.066,,
2025-06-05 18:22:10,0.041,0.066,,
2025-06-05 18:22:11,,,52.0,
2025-06-05 18:22:12,0.041,0.066,52.0,
2025-06-05 18:22:15,0.041,0.066,,6.5
2025-06-05 18:22:17,0.065,0.066,,
2025-06-05 18:22:18,,,52.0,
2025-06-05 18:22:20,0.065,0.066,,
2025-06-05 18:22:23,0.07,0.066,53.0,
2025-06-05 18:22:25,0.074,0.066,,
2025-06-05 18:22:27,,,54.0,
2025-06-05 18:22:28,0.074,0.066,,
2025-06-05 18:22:30,0.074,0.066,,1.6
2025-06-05 18:22:33,0.041,0.066,,
2025-06-05 18:22:35,0.041,0.066,,
2025-06-05 18:22:36,,,54.0,
2025-06-05 18:22:38,0.041,0.066,,
2025-06-05 18:22:39,,,54.0,
2025-06-05 18:22:40,0.041,0.066,,
2025-06-05 18:22:43,0.041,0.066,,
2025-06-05 18:22:46,0.041,0.066,53.0,
2025-06-05 18:22:48,0.041,0.066,53.0,4.9
2025-06-05 18:22:51,0.07,0.066,,
2025-06-05 18:22:53,0.07,0.066,,
2025-06-05 18:22:55,,,53.0,
2025-06-05 18:22:56,0.07,0.066,,
2025-06-05 18:22:58,0.07,0.066,,
2025-06-05 18:22:59,,,55.0,
2025-06-05 18:23:01,0.041,0.066,,
2025-06-05 18:23:04,0.041,0.066,,4.0
2025-06-05 18:23:06,0.077,0.066,54.0,
2025-06-05 18:23:08,,,54.0,
2025-06-05 18:23:09,0.077,0.066,,
2025-06-05 18:23:11,0.077,0.066,,6.2
2025-06-05 18:23:12,,,57.0,
2025-06-05 18:23:14,0.097,0.066,,
2025-06-05 18:23:16,0.112,0.066,,
2025-06-05 18:23:17,,,63.0,
2025-06-05 18:23:19,0.112,0.066,,
2025-06-05 18:23:21,0.097,0.066,,
2025-06-05 18:23:22,,,67.0,
2025-06-05 18:23:24,0.097,0.066,,
2025-06-05 18:23:27,0.142,0.066,,
2025-06-05 18:23:29,0.142,0.066,,
2025-06-05 18:23:31,,,70.0,
2025-06-05 18:23:32,0.142,0.066,,
2025-06-05 18:23:34,0.142,0.066,,
2025-06-05 18:23:36,,,70.0,
2025-06-05 18:23:37,0.142,0.066,,
2025-06-05 18:23:39,0.142,0.066,,
2025-06-05 18:23:41,,,70.0,
2025-06-05 18:23:42,0.138,0.066,,
2025-06-05 18:23:44,,,69.0,
2025-06-05 18:23:45,0.138,0.066,,
2025-06-05 18:23:47,0.138,0.066,,
2025-06-05 18:23:50,0.112,0.066,,
2025-06-05 18:23:51,,,63.0,
2025-06-05 18:23:52,0.112,0.066,,
2025-06-05 18:23:55,0.099,0.066,,
2025-06-05 18:23:56,,,60.0,
2025-06-05 18:23:57,0.099,0.066,,
2025-06-05 18:24:00,0.087,0.066,57.0,
2025-06-05 18:24:02,0.087,0.066,,
2025-06-05 18:24:05,0.087,0.066,,2.1
2025-06-05 18:24:06,,,57.0,
2025-06-05 18:24:08,0.041,0.066,,
2025-06-05 18:24:10,0.041,0.066,,
2025-06-05 18:24:11,,,56.0,
2025-06-05 18:24:13,0.041,0.066,56.0,
2025-06-05 18:24:15,0.041,0.066,,
2025-06-05 18:24:18,0.041,0.066,56.0,
2025-06-05 18:24:20,0.041,0.066,,
2025-06-05 18:24:23,0.074,0.066,54.0,6.5
2025-06-05 18:24:26,0.074,0.066,,
2025-06-05 18:24:28,0.091,0.066,,
2025-06-05 18:24:30,,,58.0,
2025-06-05 18:24:31,0.091,0.066,,1.6
2025-06-05 18:24:33,0.041,0.066,,
2025-06-05 18:24:36,0.041,0.066,57.0,
2025-06-05 18:24:38,0.041,0.066,,
2025-06-05 18:24:39,,,57.0,
2025-06-05 18:24:41,0.041,0.066,,
2025-06-05 18:24:43,0.041,0.066,,
2025-06-05 18:24:46,0.041,0.066,56.0,
2025-06-05 18:24:49,0.041,0.066,55.0,
2025-06-05 18:24:51,0.041,0.066,,
2025-06-05 18:24:54,0.041,0.066,55.0,6.5
2025-06-05 18:24:56,0.078,0.066,,
2025-06-05 18:24:59,0.095,0.066,,
2025-06-05 18:25:01,0.095,0.066,59.0,
2025-06-05 18:25:04,0.095,0.066,,1.6
2025-06-05 18:25:06,0.041,0.066,59.0,
2025-06-05 18:25:08,,,60.0,
2025-06-05 18:25:09,0.041,0.066,,
2025-06-05 18:25:12,0.041,0.066,60.0,
2025-06-05 18:25:14,0.041,0.066,,6.2
2025-06-05 18:25:17,0.095,0.066,,
2025-06-05 18:25:19,0.095,0.066,,
2025-06-05 18:25:21,,,59.0,
2025-06-05 18:25:22,0.095,0.066,,
2025-06-05 18:25:24,0.095,0.066,,
2025-06-05 18:25:25,,,59.0,
2025-06-05 18:25:27,0.095,0.066,,
2025-06-05 18:25:30,0.097,0.066,60.0,
2025-06-05 18:25:32,0.097,0.066,,
2025-06-05 18:25:35,0.097,0.066,59.0,
2025-06-05 18:25:37,0.099,0.066,60.0,
2025-06-05 18:25:40,0.099,0.066,,
2025-06-05 18:25:42,0.104,0.066,,
2025-06-05 18:25:45,0.104,0.066,,
2025-06-05 18:25:46,,,61.0,
2025-06-05 18:25:47,0.099,0.066,,
2025-06-05 18:25:50,0.097,0.066,,4.3
2025-06-05 18:25:51,,,60.0,
2025-06-05 18:25:52,,,59.0,
2025-06-05 18:25:53,0.077,0.066,,
2025-06-05 18:25:55,0.077,0.066,,
2025-06-05 18:25:57,,,62.0,
2025-06-05 18:25:58,0.077,0.066,,
2025-06-05 18:26:00,0.077,0.066,,
2025-06-05 18:26:03,0.097,0.066,,6.5
2025-06-05 18:26:05,0.116,0.066,,
2025-06-05 18:26:06,,,64.0,
2025-06-05 18:26:08,0.116,0.066,,
2025-06-05 18:26:11,0.116,0.066,64.0,
2025-06-05 18:26:13,0.116,0.066,,4.8
2025-06-05 18:26:16,0.077,0.066,62.0,
2025-06-05 18:26:18,0.077,0.066,,
2025-06-05 18:26:19,,,61.0,
2025-06-05 18:26:21,0.077,0.066,,
2025-06-05 18:26:23,0.104,0.066,,
2025-06-05 18:26:26,0.077,0.066,65.0,
2025-06-05 18:26:27,,,65.0,
2025-06-05 18:26:28,0.097,0.066,,
2025-06-05 18:26:31,0.077,0.066,,
2025-06-05 18:26:34,0.097,0.066,,
2025-06-05 18:26:36,0.077,0.066,70.0,
2025-06-05 18:26:37,,,70.0,
2025-06-05 18:26:39,0.077,0.066,,
2025-06-05 18:26:41,0.077,0.066,,
2025-06-05 18:26:43,,,67.0,
2025-06-05 18:26:44,0.077,0.066,,
2025-06-05 18:26:46,0.077,0.066,,
2025-06-05 18:26:47,,,66.0,
2025-06-05 18:26:49,0.097,0.066,,
2025-06-05 18:26:52,0.097,0.066,63.0,
2025-06-05 18:26:54,0.097,0.066,,
2025-06-05 18:26:57,0.095,0.066,,6.5
2025-06-05 18:26:59,0.095,0.066,,
2025-06-05 18:27:00,,,59.0,
2025-06-05 18:27:02,0.095,0.066,,5.3
2025-06-05 18:27:04,0.095,0.066,,
2025-06-05 18:27:06,,,57.0,
2025-06-05 18:27:07,0.077,0.066,,
2025-06-05 18:27:09,0.077,0.066,56.0,
2025-06-05 18:27:12,0.077,0.066,,
2025-06-05 18:27:15,0.07,0.066,,
2025-06-05 18:27:16,,,53.0,
2025-06-05 18:27:17,0.07,0.066,,5.0
2025-06-05 18:27:20,0.077,0.066,,
2025-06-05 18:27:21,,,53.0,
2025-06-05 18:27:22,0.077,0.066,54.0,
2025-06-05 18:27:25,0.074,0.066,,
2025-06-05 18:27:27,0.074,0.066,54.0,
2025-06-05 18:27:30,0.077,0.066,,
2025-06-05 18:27:32,,,56.0,
2025-06-05 18:27:33,0.077,0.066,,
2025-06-05 18:27:35,0.077,0.066,,
2025-06-05 18:27:38,0.077,0.066,,
2025-06-05 18:27:40,0.077,0.066,,
2025-06-05 18:27:41,,,55.0,
2025-06-05 18:27:43,0.078,0.066,,6.5
2025-06-05 18:27:45,0.082,0.066,,
2025-06-05 18:27:46,,,56.0,
2025-06-05 18:27:48,0.082,0.066,,
2025-06-05 18:27:50,0.082,0.066,,
2025-06-05 18:27:51,,,56.0,
2025-06-05 18:27:52,,,56.0,
2025-06-05 18:27:53,0.082,0.066,,
2025-06-05 18:27:56,0.082,0.066,,
2025-06-05 18:27:58,0.091,0.066,,
2025-06-05 18:28:00,,,58.0,
2025-06-05 18:28:01,0.091,0.066,,2.1
2025-06-05 18:28:03,0.041,0.066,,
2025-06-05 18:28:06,0.041,0.066,57.0,
2025-06-05 18:28:07,,,57.0,
2025-06-05 18:28:08,0.041,0.066,,
2025-06-05 18:28:11,0.041,0.066,,
2025-06-05 18:28:14,0.041,0.066,56.0,
2025-06-05 18:28:16,0.077,0.066,,
2025-06-05 18:28:19,0.077,0.066,,
2025-06-05 18:28:21,0.041,0.066,,
2025-06-05 18:28:24,0.041,0.066,,6.3
2025-06-05 18:28:26,0.082,0.066,,
2025-06-05 18:28:29,0.082,0.066,,
2025-06-05 18:28:31,0.082,0.066,,
2025-06-05 18:28:34,0.082,0.066,,
2025-06-05 18:28:37,0.082,0.066,,
2025-06-05 18:28:39,0.082,0.066,,
2025-06-05 18:28:42,0.082,0.066,,
2025-06-05 18:28:44,0.082,0.066,,
2025-06-05 18:28:47,0.267,0.066,,
2025-06-05 18:28:49,0.267,0.066,,
2025-06-05 18:28:51,,,63.0,
2025-06-05 18:28:52,0.267,0.066,,
2025-06-05 18:28:55,0.267,0.066,,
2025-06-05 18:28:57,0.205,0.066,,4.0
2025-06-05 18:28:58,,,63.0,
2025-06-05 18:29:00,0.138,0.066,,
2025-06-05 18:29:02,0.138,0.066,,
2025-06-05 18:29:03,,,63.0,
2025-06-05 18:29:05,0.138,0.066,,6.5
2025-06-05 18:29:07,0.267,0.066,,
2025-06-05 18:29:10,0.267,0.066,,
2025-06-05 18:29:11,,,69.0,
2025-06-05 18:29:12,0.267,0.066,,
2025-06-05 18:29:15,0.267,0.066,,
2025-06-05 18:29:16,,,70.0,
2025-06-05 18:29:18,0.267,0.066,,
2025-06-05 18:29:20,0.125,0.066,,
2025-06-05 18:29:21,,,66.0,
2025-06-05 18:29:23,0.121,0.066,65.0,
2025-06-05 18:29:25,0.121,0.066,,4.9
2025-06-05 18:29:28,0.077,0.066,,
2025-06-05 18:29:30,0.077,0.066,58.0,
2025-06-05 18:29:32,,,57.0,
2025-06-05 18:29:33,0.077,0.066,,
2025-06-05 18:29:36,0.087,0.066,,
2025-06-05 18:29:38,0.087,0.066,,
2025-06-05 18:29:41,0.077,0.066,59.0,
2025-06-05 18:29:43,0.077,0.066,,
2025-06-05 18:29:46,0.077,0.066,57.0,
2025-06-05 18:29:48,0.078,0.066,,
2025-06-05 18:29:51,0.078,0.066,55.0,
2025-06-05 18:29:53,0.078,0.066,,5.7
2025-06-05 18:29:56,0.078,0.066,55.0,
2025-06-05 18:29:59,0.078,0.066,,
2025-06-05 18:30:00,,,54.0,
2025-06-05 18:30:01,0.074,0.066,,
2025-06-05 18:30:04,0.077,0.066,,
2025-06-05 18:30:06,0.077,0.066,52.0,
2025-06-05 18:30:09,0.077,0.066,,
2025-06-05 18:30:10,,,53.0,
2025-06-05 18:30:13,,,54.0,
